id,treatment,age,male,hhld_inc,white,republican,democrat,college,fb_min_wins_b,news_source_6_b,fb_activepassive
1,1,34,1,88,1,0,0,0,90,5,-0.40455133
2,0,36,0,5,1,0,0,0,120,2,-1.1379588
3,0,27,0,35,0,0,1,1,120,3,0.69555992
4,1,23,1,45,0,0,1,0,100,5,-0.40455133
5,1,22,1,25,0,0,1,0,120,2,0.32885617
6,0,19,0,45,1,0,1,0,30,3,0.32885617
7,1,23,1,67,1,0,1,1,30,2,0.69555992
8,0,28,1,112,1,0,0,1,120,3,0.32885617
9,0,20,1,112,0,0,0,0,45,2,1.4289674
10,0,23,0,5,0,0,1,0,120,5,0.32885617
11,1,25,0,200,0,0,1,0,30,5,-0.03784757
12,0,26,0,45,0,0,1,0,60,3,0.69555992
13,0,34,0,67,1,0,0,0,90,3,0.32885617
14,0,27,0,45,1,0,0,1,60,3,1.0622636
15,0,36,0,35,1,0,1,1,75,2,-0.03784757
16,1,21,0,5,1,0,0,0,60,3,0.69555992
17,0,30,1,112,1,0,0,1,45,5,1.0622636
18,1,35,1,200,1,0,1,1,60,4,0.69555992
19,0,30,0,5,1,0,0,0,120,3,0.69555992
20,0,40,0,67,0,0,0,0,90,4,-1.5046625
21,1,33,0,55,0,1,0,0,60,5,-1.5046625
22,0,53,0,200,1,1,0,1,45,3,1.0622636
23,0,25,0,5,1,0,0,1,20,1,0.69555992
24,0,28,1,55,1,1,0,1,45,5,0.69555992
25,1,45,0,55,1,1,0,0,120,5,-1.1379588
26,1,25,0,25,1,0,1,1,120,2,0.32885617
27,0,37,0,88,0,0,0,1,75,4,-0.40455133
28,1,33,0,35,0,0,1,0,120,5,-1.8713663
29,0,31,0,67,1,0,0,0,50,4,1.0622636
30,1,25,1,67,1,0,0,0,30,4,1.0622636
31,1,25,0,35,0,0,0,0,120,5,-1.5046625
32,1,23,1,112,0,0,0,1,20,3,1.4289674
33,0,29,1,200,0,0,0,1,120,3,0.69555992
34,0,19,0,67,1,0,1,0,80,3,0.32885617
35,0,19,1,67,0,0,0,0,30,3,1.4289674
36,0,21,0,138,0,1,0,1,120,3,-0.03784757
37,1,54,0,88,0,0,0,0,45,2,1.0622636
38,0,23,0,200,1,0,1,0,40,2,0.32885617
39,0,20,0,35,0,0,0,0,35,4,-0.03784757
40,1,59,0,88,1,0,0,1,120,5,1.0622636
41,0,33,0,88,1,0,0,0,30,1,1.4289674
42,0,53,0,35,1,0,0,0,120,3,0.69555992
43,1,19,0,25,0,0,1,0,120,4,-2.23807
44,0,35,0,88,1,0,1,0,110,3,0.32885617
45,1,37,0,55,1,1,0,0,90,5,-1.5046625
46,1,23,0,88,1,0,1,1,20,3,0.32885617
47,0,27,1,67,0,0,0,1,30,3,1.4289674
48,1,28,0,55,0,0,0,1,120,2,1.0622636
49,0,34,0,45,0,0,0,0,40,4,0.69555992
50,0,50,0,88,0,0,0,0,60,4,-1.1379588
51,1,24,1,15,0,0,1,1,81,3,0.32885617
52,0,34,0,55,0,0,1,1,120,5,1.0622636
53,0,25,0,67,0,0,1,1,120,3,0.69555992
54,1,34,0,67,0,0,0,1,90,4,0.32885617
55,0,54,1,88,1,1,0,1,120,2,-1.1379588
56,1,28,1,25,1,0,0,1,30,2,1.4289674
57,0,27,1,15,1,1,0,1,60,2,1.4289674
58,0,24,0,55,0,0,1,1,90,4,0.32885617
59,0,31,0,67,1,0,1,1,60,3,1.4289674
60,1,42,0,25,1,0,0,0,60,3,-0.03784757
61,1,56,0,45,1,0,1,0,120,4,-1.1379588
62,1,23,0,67,1,0,1,1,30,5,1.0622636
63,0,22,1,45,1,0,1,0,45,4,1.0622636
64,1,22,0,25,1,0,0,0,120,3,0.69555992
65,0,48,0,35,1,0,1,0,45,5,-0.77125508
66,0,27,0,45,1,0,0,0,20,3,-0.03784757
67,1,33,0,67,0,0,1,1,80,3,-0.40455133
68,0,62,0,45,1,0,0,0,60,3,0.32885617
69,0,52,0,200,1,0,0,1,90,3,0.32885617
70,0,23,1,25,1,0,0,1,20,2,0.69555992
71,0,26,1,67,0,0,0,1,30,3,1.0622636
72,0,31,0,15,0,0,1,0,120,3,-0.40455133
73,1,29,0,35,0,0,0,0,100,5,-0.77125508
74,0,48,1,67,1,1,0,1,30,3,0.69555992
75,1,49,0,200,1,0,0,1,80,3,1.0622636
76,0,21,0,25,1,0,1,0,120,5,1.4289674
77,0,19,1,5,1,0,0,0,35,2,0.69555992
78,0,21,0,112,1,0,0,0,45,3,-1.1379588
79,0,34,0,138,0,0,0,1,30,3,-1.8713663
80,0,31,1,88,1,0,0,1,120,2,0.69555992
81,0,22,0,5,0,0,1,0,60,2,1.4289674
82,0,54,1,88,1,1,0,0,120,3,0.69555992
83,1,24,0,200,1,0,0,1,45,3,-1.1379588
84,1,22,0,67,1,0,1,0,40,4,1.4289674
85,1,50,0,35,1,1,0,0,120,3,-0.77125508
86,0,24,0,112,1,0,0,0,90,4,0.69555992
87,0,25,1,112,1,0,1,1,40,3,-0.40455133
88,0,43,0,45,0,0,0,0,120,5,-2.23807
89,0,31,0,5,1,0,1,0,25,3,0.69555992
90,1,47,0,15,0,0,1,1,120,5,-1.1379588
91,0,42,0,112,1,0,0,1,60,3,0.69555992
92,1,45,0,112,0,0,0,0,60,2,0.69555992
93,1,19,0,88,0,0,1,0,60,4,1.4289674
94,1,29,0,88,1,1,0,1,45,2,0.32885617
95,1,44,0,112,1,0,1,1,120,3,1.0622636
96,0,21,0,112,1,0,1,0,40,3,1.4289674
97,0,42,0,138,1,0,1,1,60,1,-0.03784757
98,1,38,1,55,1,0,0,1,75,2,0.32885617
99,0,30,0,45,1,0,0,0,120,5,0.32885617
100,1,21,0,55,1,1,0,1,120,2,-1.1379588
101,1,60,1,88,1,0,1,1,90,4,-0.03784757
102,0,32,0,67,1,1,0,0,120,5,0.32885617
103,0,32,0,25,1,1,0,0,120,3,1.4289674
104,0,48,0,67,1,0,1,1,60,3,-1.1379588
105,1,63,0,45,1,0,0,1,60,3,-1.5046625
106,0,25,0,35,0,0,1,0,120,5,-1.5046625
107,0,19,1,200,1,1,0,0,60,3,1.4289674
108,1,32,0,112,0,0,1,1,60,3,-0.03784757
109,0,26,1,25,1,0,1,0,20,3,1.0622636
110,1,24,0,112,0,0,0,1,120,3,1.0622636
111,1,20,0,67,0,0,1,0,60,4,-0.03784757
112,0,24,0,67,1,1,0,1,90,3,-0.77125508
113,1,38,1,45,1,0,1,1,120,3,-1.5046625
114,0,38,0,200,0,0,0,1,20,3,0.69555992
115,0,29,1,112,0,0,1,1,120,3,-2.23807
116,0,32,0,88,0,0,0,0,120,2,-0.77125508
117,0,21,1,112,0,0,1,0,60,5,0.32885617
118,0,34,1,55,1,1,0,0,45,4,0.69555992
119,0,45,1,138,1,1,0,1,60,4,-1.1379588
120,1,28,0,35,1,1,0,1,60,5,0.32885617
121,0,19,0,200,1,0,0,0,60,4,0.32885617
122,0,29,1,45,0,0,1,1,60,4,0.69555992
123,0,22,0,67,1,0,1,1,30,3,0.32885617
124,1,60,1,112,1,0,1,0,120,2,0.69555992
125,1,19,0,88,0,0,1,0,60,3,0.69555992
126,1,33,0,15,1,0,1,1,120,3,0.69555992
127,0,25,0,35,0,0,1,0,90,3,0.69555992
128,0,30,0,35,0,0,1,0,120,4,-1.5046625
129,0,35,0,112,1,0,0,1,60,3,-0.77125508
130,0,22,0,88,1,0,0,0,45,4,-0.03784757
131,0,23,1,88,0,0,1,1,60,3,-0.77125508
132,0,19,0,55,0,0,1,0,45,4,1.4289674
133,1,31,0,35,1,0,0,1,45,3,-0.77125508
134,0,62,0,67,1,1,0,1,120,2,-1.1379588
135,0,19,0,112,0,0,1,0,120,2,-0.40455133
136,0,26,0,88,1,0,1,1,60,5,1.4289674
137,1,46,1,138,1,0,0,1,30,3,-0.03784757
138,0,29,0,55,0,0,0,1,65,5,1.0622636
139,1,36,0,15,0,0,1,1,120,3,0.32885617
140,0,38,1,55,1,0,1,1,60,2,0.32885617
141,1,41,1,25,1,0,0,0,120,4,-0.40455133
142,0,22,0,5,0,0,0,0,120,5,-2.23807
143,1,19,1,67,0,0,1,0,120,3,1.4289674
144,1,21,1,112,0,0,1,0,30,5,0.32885617
145,0,22,1,112,1,0,0,0,60,4,0.69555992
146,0,24,0,15,0,0,0,0,120,4,0.69555992
147,0,27,0,15,1,0,1,0,60,5,1.4289674
148,0,36,1,35,1,0,0,1,45,2,1.0622636
149,1,21,0,88,0,0,1,0,60,3,1.0622636
150,0,38,1,88,1,1,0,1,30,3,-1.1379588
151,0,26,1,200,0,0,1,1,60,3,1.4289674
152,0,33,0,25,1,0,0,0,120,3,-0.03784757
153,0,24,1,55,1,0,1,1,45,4,1.0622636
154,0,63,1,112,1,0,1,0,120,3,-1.1379588
155,0,40,0,200,1,0,1,1,60,1,0.69555992
156,0,23,1,67,1,0,1,1,45,3,0.69555992
157,1,33,0,112,1,0,0,1,45,3,1.0622636
158,0,25,0,5,1,1,0,1,120,4,0.32885617
159,1,20,0,67,1,0,0,0,30,2,1.4289674
160,1,32,1,88,1,0,0,1,30,4,0.69555992
161,0,23,0,88,1,1,0,0,45,5,0.32885617
162,0,28,0,55,0,0,1,1,120,4,0.32885617
163,1,22,0,25,1,0,1,0,60,2,1.4289674
164,0,27,1,25,1,0,0,0,60,4,-2.23807
165,0,33,1,25,1,0,0,0,60,2,1.0622636
166,0,23,0,25,1,0,0,1,45,3,-0.40455133
167,0,26,0,67,1,0,0,0,60,3,-0.03784757
168,0,37,0,55,1,0,0,1,40,3,-0.40455133
169,0,32,0,88,1,0,0,0,120,3,0.69555992
170,0,41,0,5,1,0,1,1,120,3,0.69555992
171,0,28,1,35,1,1,0,1,30,3,-0.40455133
172,1,27,1,55,1,0,1,0,90,4,0.69555992
173,0,32,0,88,1,0,1,1,120,4,0.32885617
174,1,20,1,67,0,0,0,1,80,5,1.4289674
175,0,33,1,200,0,0,0,1,60,2,-0.40455133
176,1,19,0,200,0,0,1,0,60,4,1.4289674
177,0,19,0,25,1,0,0,0,85,3,0.69555992
178,0,47,0,35,1,1,0,1,60,3,-1.5046625
179,1,28,1,55,1,0,1,1,120,4,0.32885617
180,0,20,0,25,0,0,1,0,60,4,0.32885617
181,0,29,1,15,0,0,0,0,90,3,-1.5046625
182,0,26,0,25,0,0,1,0,120,3,1.0622636
183,0,26,1,45,0,0,0,1,75,3,1.0622636
184,0,32,0,15,1,0,0,0,120,5,0.69555992
185,0,25,0,55,1,0,0,0,120,4,0.69555992
186,0,29,0,88,1,0,1,1,45,4,-0.40455133
187,0,23,1,200,0,0,0,0,120,4,-1.1379588
188,0,63,0,15,1,0,1,1,45,5,0.32885617
189,0,24,0,200,1,0,0,1,20,4,1.0622636
190,1,25,0,55,1,0,0,0,60,4,0.69555992
191,0,34,1,35,0,0,1,0,120,3,-1.5046625
192,1,25,0,45,1,0,1,1,60,5,0.32885617
193,0,29,0,35,1,0,0,0,120,5,-2.23807
194,0,60,0,88,0,0,1,0,60,5,-0.03784757
195,0,22,1,112,0,0,0,1,60,4,0.32885617
196,1,24,0,67,1,0,1,1,35,3,1.0622636
197,0,20,0,67,0,0,0,0,20,2,1.4289674
198,0,21,0,55,0,0,1,0,80,4,0.69555992
199,1,49,0,45,1,1,0,1,120,4,0.69555992
200,1,44,0,67,1,0,0,1,120,5,0.69555992
201,1,32,0,67,1,0,0,1,120,4,-0.77125508
202,0,32,1,67,1,0,0,1,25,4,-1.5046625
203,0,39,0,5,1,0,1,0,56,4,-0.40455133
204,0,50,0,112,1,0,0,0,30,3,-0.77125508
205,1,28,0,88,0,1,0,1,60,3,0.69555992
206,0,22,0,112,0,0,0,1,30,3,0.69555992
207,0,33,0,45,1,0,0,0,120,4,0.32885617
208,0,24,0,35,1,0,1,1,30,4,1.0622636
209,0,35,0,35,1,0,1,1,90,4,-0.77125508
210,0,34,0,88,0,0,1,0,45,3,1.0622636
211,1,63,0,5,1,0,1,1,60,3,0.32885617
212,0,31,0,67,0,0,0,0,120,4,1.0622636
213,1,46,0,67,1,0,0,1,120,4,-1.1379588
214,0,23,0,67,1,0,0,1,120,4,-1.1379588
215,0,35,0,45,1,0,0,1,60,3,0.32885617
216,0,24,0,67,1,1,0,1,60,2,0.69555992
217,1,56,0,67,1,0,0,1,120,3,-0.03784757
218,0,26,0,88,1,0,1,1,45,3,0.69555992
219,1,34,1,88,1,0,1,1,60,2,-0.03784757
220,0,29,0,138,1,0,1,1,60,3,1.0622636
221,1,21,1,67,0,0,1,0,120,2,0.69555992
222,0,61,0,35,1,0,0,0,120,4,-1.1379588
223,1,20,0,112,1,0,0,0,120,5,1.4289674
224,1,27,1,112,1,0,0,1,45,3,0.69555992
225,0,26,0,55,0,0,1,1,45,3,0.32885617
226,0,37,1,67,1,1,0,1,120,3,1.4289674
227,0,29,0,55,1,0,1,1,30,2,1.4289674
228,1,19,1,25,0,1,0,0,80,3,0.32885617
229,0,68,0,15,1,0,0,1,60,4,0.69555992
230,0,36,0,112,0,0,1,0,120,5,-0.40455133
231,0,51,0,25,1,0,0,0,50,5,1.4289674
232,0,30,1,200,1,0,1,1,20,3,1.0622636
233,0,27,0,67,0,0,1,1,120,3,0.32885617
234,0,59,0,55,1,0,1,1,30,2,1.4289674
235,1,23,0,15,1,1,0,1,45,3,0.69555992
236,0,34,0,112,1,0,0,1,45,3,-0.40455133
237,0,38,0,67,1,0,0,1,120,2,0.32885617
238,0,26,1,25,0,0,0,1,90,3,1.4289674
239,0,19,0,67,0,0,1,0,20,1,0.32885617
240,0,19,0,112,1,0,1,0,60,5,-1.5046625
241,1,33,1,112,0,0,1,1,60,4,0.69555992
242,0,22,0,55,1,0,1,0,90,3,0.69555992
243,0,37,1,67,1,0,0,1,45,2,0.32885617
244,0,20,0,45,0,0,1,0,30,3,-0.03784757
245,1,45,0,45,0,1,0,1,90,1,1.4289674
246,0,32,1,55,1,1,0,1,90,5,-0.40455133
247,1,27,0,25,1,0,1,0,30,3,-0.40455133
248,1,61,1,67,1,0,0,1,45,2,-0.03784757
249,0,31,1,88,1,1,0,1,90,5,0.69555992
250,1,21,0,45,0,0,0,0,60,1,1.4289674
251,1,32,0,67,0,0,0,0,120,5,1.4289674
252,0,28,1,45,1,0,0,0,60,2,-1.8713663
253,0,29,1,55,1,1,0,1,90,4,0.32885617
254,0,29,1,45,1,0,1,1,120,5,-1.1379588
255,0,38,0,45,1,0,0,0,120,4,-0.03784757
256,0,26,1,35,0,0,0,1,30,2,1.4289674
257,0,27,1,88,0,0,1,0,120,5,-0.77125508
258,1,44,0,15,1,0,0,0,75,5,-1.1379588
259,1,42,0,45,1,0,0,0,120,4,1.0622636
260,1,35,0,25,1,1,0,0,120,5,0.69555992
261,1,66,0,35,1,0,0,1,60,5,-1.5046625
262,0,19,0,138,0,0,1,0,120,5,0.69555992
263,0,26,0,88,1,0,0,1,25,4,1.0622636
264,1,53,0,112,1,1,0,0,45,3,0.69555992
265,0,61,0,55,1,0,1,1,75,5,0.32885617
266,0,30,0,138,1,0,1,1,60,3,1.0622636
267,0,19,0,88,0,0,0,0,30,1,1.4289674
268,0,61,0,200,1,0,0,1,20,2,1.4289674
269,0,51,1,200,1,1,0,1,100,3,0.69555992
270,1,20,0,5,0,0,1,0,50,2,1.0622636
271,0,40,0,200,1,0,0,1,60,5,0.69555992
272,1,22,0,35,0,0,1,1,120,3,1.4289674
273,1,22,0,138,1,0,0,0,120,3,1.4289674
274,0,27,0,15,0,0,1,1,60,3,1.0622636
275,0,27,0,112,0,0,0,0,60,4,-0.03784757
276,1,34,1,67,1,0,1,0,45,2,-0.03784757
277,0,19,0,5,0,0,0,1,120,4,-1.1379588
278,0,27,1,45,0,0,0,1,60,4,0.69555992
279,0,31,1,45,1,0,0,1,55,2,-0.40455133
280,0,26,1,45,1,0,1,1,90,3,1.0622636
281,0,20,1,112,1,0,1,0,40,4,1.0622636
282,1,30,0,67,0,0,0,1,120,5,-2.23807
283,0,35,0,25,1,0,0,0,120,4,-1.5046625
284,0,25,0,15,1,0,0,0,50,3,0.32885617
285,0,49,0,35,1,0,0,0,120,4,-1.1379588
286,0,23,0,15,1,0,0,1,120,4,1.4289674
287,1,37,0,112,1,0,0,1,30,1,1.4289674
288,0,57,1,25,1,0,0,1,60,2,0.32885617
289,1,28,1,67,1,0,0,1,120,3,1.0622636
290,0,36,1,200,0,0,1,1,45,4,1.0622636
291,1,19,1,67,0,0,0,0,120,4,1.4289674
292,1,32,1,45,0,0,0,1,120,3,0.32885617
293,1,26,1,67,1,0,1,1,20,1,0.69555992
294,1,19,1,55,1,0,0,0,60,3,1.4289674
295,0,30,0,35,1,0,0,1,35,3,0.32885617
296,0,32,0,15,0,0,1,0,80,4,0.32885617
297,0,45,0,138,1,0,0,1,60,4,0.32885617
298,0,28,0,88,1,0,1,1,120,2,1.0622636
299,0,26,0,25,1,0,0,0,90,5,-1.8713663
300,1,26,1,88,1,0,1,1,60,2,-0.40455133
301,0,19,0,35,1,1,0,0,60,3,-1.5046625
302,0,31,1,55,0,1,0,1,90,4,-1.1379588
303,0,19,1,15,0,0,0,0,120,4,-0.03784757
304,1,19,1,45,0,0,0,0,60,5,0.32885617
305,0,21,1,112,1,1,0,0,35,4,-1.8713663
306,1,23,0,25,1,0,1,1,120,4,-0.40455133
307,0,41,0,200,0,0,1,1,90,5,1.4289674
308,1,22,1,112,0,0,1,1,75,2,0.69555992
309,1,23,0,25,1,0,1,0,120,5,-1.1379588
310,1,21,0,138,0,0,0,0,120,5,1.4289674
311,0,19,0,112,1,0,0,0,45,3,0.69555992
312,1,35,0,15,1,0,1,0,60,4,-0.40455133
313,0,27,0,15,1,0,1,0,120,5,1.0622636
314,1,25,0,25,1,0,0,0,120,3,-0.40455133
315,1,30,1,35,1,0,0,1,75,3,0.32885617
316,1,20,0,15,0,0,1,0,120,3,-0.77125508
317,1,24,0,55,1,0,1,0,120,4,0.32885617
318,0,25,1,5,1,0,1,0,30,5,-0.40455133
319,0,29,1,55,1,0,1,1,30,3,1.0622636
320,1,23,1,138,0,0,1,1,20,2,1.4289674
321,0,27,1,88,1,0,1,1,30,2,1.0622636
322,0,47,1,112,1,1,0,0,60,2,0.32885617
323,0,23,0,112,1,0,0,0,120,4,0.69555992
324,0,34,0,67,1,0,0,1,100,5,0.69555992
325,1,45,0,67,1,0,1,0,30,3,-0.77125508
326,0,21,0,67,0,0,0,0,120,5,1.4289674
327,0,19,0,55,1,0,0,0,25,3,1.0622636
328,0,23,0,25,0,0,0,0,40,3,-0.40455133
329,1,22,0,15,0,0,0,0,120,4,-1.8713663
330,1,34,1,112,0,0,0,1,30,4,-1.5046625
331,1,28,1,35,1,0,0,1,120,4,-0.77125508
332,1,31,0,25,1,0,0,1,70,3,1.0622636
333,0,57,1,200,1,0,1,1,30,5,0.69555992
334,1,27,0,35,1,0,1,1,45,4,1.0622636
335,0,25,1,88,0,0,1,0,60,2,-2.23807
336,0,22,0,45,0,0,1,0,75,4,0.69555992
337,1,29,0,88,0,0,1,1,60,3,0.32885617
338,0,39,1,138,0,0,1,1,120,2,1.4289674
339,1,19,1,5,0,0,1,0,30,2,1.0622636
340,1,32,0,25,0,0,0,0,30,3,-0.77125508
341,0,46,0,200,1,0,0,0,120,4,-1.1379588
342,1,39,0,45,1,0,1,1,60,4,-0.03784757
343,0,20,1,138,1,0,1,0,30,3,1.0622636
344,0,26,0,67,1,0,0,0,75,3,-0.03784757
345,0,41,1,112,0,0,0,1,45,3,0.69555992
346,0,30,0,45,1,1,0,1,45,2,-0.03784757
347,1,29,0,67,1,1,0,1,30,3,0.69555992
348,1,26,0,45,1,0,1,1,30,2,1.0622636
349,1,26,1,112,0,0,0,1,60,4,-1.8713663
350,0,21,0,67,1,0,0,0,70,3,1.4289674
351,0,23,1,112,1,0,0,0,60,3,-1.8713663
352,1,25,1,55,1,0,0,0,120,3,0.32885617
353,0,48,0,88,0,0,1,0,120,4,-0.03784757
354,0,38,0,88,0,0,1,1,45,4,0.69555992
355,1,23,0,88,0,0,1,0,120,2,1.0622636
356,0,40,0,67,1,0,0,0,120,3,-1.8713663
357,0,27,0,25,1,0,0,1,30,2,1.4289674
358,1,25,1,45,1,0,0,1,30,4,1.0622636
359,0,21,1,138,0,0,1,0,90,2,1.4289674
360,0,27,0,67,1,0,0,0,120,3,0.69555992
361,1,33,0,55,1,1,0,1,50,4,0.69555992
362,0,47,0,45,1,0,1,0,120,5,-1.5046625
363,1,32,0,200,0,0,1,1,60,5,1.0622636
364,0,20,0,200,1,0,0,1,120,4,0.69555992
365,0,30,0,55,1,0,0,0,60,5,-1.5046625
366,0,53,0,35,1,1,0,0,45,4,-1.8713663
367,0,50,0,67,0,0,1,1,35,2,-0.77125508
368,1,43,0,112,1,0,0,0,60,4,-0.40455133
369,0,43,1,200,1,0,1,1,60,3,-0.77125508
370,1,48,0,67,1,0,0,0,60,2,0.32885617
371,0,27,0,35,1,0,1,0,120,4,0.32885617
372,0,38,1,55,1,0,1,1,120,4,0.32885617
373,1,54,0,200,1,0,1,0,60,2,1.0622636
374,0,66,1,67,1,0,0,1,60,3,0.32885617
375,1,24,1,200,0,0,0,0,90,3,0.69555992
376,0,27,0,55,1,0,0,1,120,4,1.4289674
377,1,19,1,200,0,0,1,0,80,4,0.69555992
378,0,25,1,88,1,0,0,1,90,3,1.0622636
379,0,23,1,67,1,0,0,1,120,5,1.4289674
380,0,34,0,200,1,0,0,0,45,3,1.4289674
381,1,56,0,112,1,0,0,1,120,5,-0.03784757
382,1,28,1,45,1,0,0,1,20,4,1.0622636
383,0,26,1,45,1,0,1,1,30,2,1.0622636
384,1,19,0,200,1,0,1,0,30,2,1.0622636
385,0,23,1,5,1,0,1,1,60,3,1.0622636
386,0,23,1,112,0,0,0,0,60,2,-0.03784757
387,0,64,0,45,1,0,1,1,30,1,1.0622636
388,1,56,1,67,1,0,1,0,120,3,-2.23807
389,0,32,0,25,0,0,1,1,20,4,-1.1379588
390,0,24,0,88,1,0,0,1,60,4,-0.40455133
391,0,21,0,45,0,0,1,0,90,2,1.4289674
392,0,43,0,25,1,0,1,0,60,3,1.4289674
393,1,45,0,67,1,1,0,1,60,3,-1.1379588
394,0,28,0,67,0,0,1,1,75,4,-0.03784757
395,1,30,1,88,0,0,0,1,120,3,-0.40455133
396,1,56,1,45,1,0,1,1,50,3,0.69555992
397,1,23,1,15,1,1,0,0,100,5,-0.40455133
398,0,29,0,15,0,0,0,1,120,5,-2.23807
399,0,39,1,67,1,0,0,0,120,3,-0.77125508
400,0,24,0,67,0,0,0,1,90,2,0.32885617
401,1,35,0,200,1,0,1,1,90,4,0.32885617
402,1,26,0,88,1,0,1,1,45,3,0.69555992
403,1,19,1,55,1,0,1,0,40,4,0.69555992
404,0,28,1,55,1,0,1,1,60,4,0.32885617
405,0,40,0,88,1,1,0,0,120,4,-1.1379588
406,0,33,0,67,0,0,0,1,120,5,0.32885617
407,1,24,1,200,1,0,1,1,45,2,1.0622636
408,1,23,0,35,1,0,0,1,30,2,0.69555992
409,0,29,0,35,0,0,1,0,40,4,0.32885617
410,0,37,0,55,0,0,0,0,60,3,0.69555992
411,0,23,1,15,1,0,0,0,30,4,1.0622636
412,0,27,0,88,1,0,1,1,20,5,1.4289674
413,0,40,0,35,1,0,1,1,120,3,-0.40455133
414,0,20,0,67,1,0,0,0,60,3,0.32885617
415,1,24,1,200,1,0,1,1,60,2,0.32885617
416,1,25,0,35,1,0,0,1,100,3,0.69555992
417,0,45,1,25,1,1,0,0,60,4,-0.40455133
418,0,27,0,88,1,0,1,1,45,4,0.32885617
419,1,54,0,55,0,1,0,1,120,2,0.32885617
420,0,36,1,45,1,0,0,0,120,4,-0.40455133
421,1,31,0,67,1,0,0,1,30,3,-0.03784757
422,0,37,0,112,1,0,0,1,60,4,-0.03784757
423,0,35,1,45,0,0,1,0,45,3,-0.03784757
424,1,21,0,45,1,1,0,1,70,3,0.32885617
425,0,48,0,88,1,0,1,1,60,4,-1.1379588
426,1,20,1,88,0,0,1,0,75,4,0.32885617
427,1,56,0,67,1,0,1,1,120,5,-0.40455133
428,1,20,0,67,0,0,0,0,30,1,1.4289674
429,0,21,0,15,1,0,0,0,50,3,-2.23807
430,0,20,0,200,0,0,0,0,90,4,0.69555992
431,0,69,1,88,1,0,1,1,45,2,0.32885617
432,0,29,0,88,1,0,1,1,30,5,1.0622636
433,1,37,0,67,1,0,0,0,90,3,0.69555992
434,1,19,1,138,1,0,0,0,30,2,1.4289674
435,0,21,0,112,0,0,0,0,60,3,-0.03784757
436,0,33,0,200,0,0,1,1,45,4,0.32885617
437,0,51,0,55,1,1,0,0,60,5,-0.40455133
438,0,31,0,200,1,0,0,0,30,4,1.0622636
439,0,29,1,15,1,0,0,0,60,4,-0.03784757
440,1,58,0,25,1,0,1,1,45,3,-0.03784757
441,0,68,1,88,1,1,0,0,20,1,1.4289674
442,0,24,0,138,0,0,1,1,25,3,1.4289674
443,1,31,1,88,0,1,0,1,60,2,0.32885617
444,0,27,0,45,1,1,0,0,90,3,-1.1379588
445,0,20,0,88,1,0,1,0,90,4,-1.5046625
446,0,54,1,25,0,0,1,0,50,4,1.0622636
447,0,48,1,67,0,0,1,0,120,4,0.32885617
448,0,28,0,112,1,0,1,0,90,3,-1.5046625
449,1,30,0,45,1,0,1,0,120,3,-1.1379588
450,0,26,0,88,0,0,0,0,120,5,-2.23807
451,0,65,0,200,1,0,0,1,120,3,0.69555992
452,0,24,0,45,0,0,0,1,120,4,0.32885617
453,1,27,0,25,0,0,0,0,60,4,1.4289674
454,0,20,0,200,0,0,0,0,60,3,0.69555992
455,0,20,0,67,0,0,1,0,120,2,0.32885617
456,0,32,0,112,1,0,0,0,120,3,0.69555992
457,0,46,0,88,1,1,0,1,20,3,0.69555992
458,1,20,0,200,0,0,0,0,120,5,-0.40455133
459,1,41,0,45,0,0,0,1,60,5,-0.03784757
460,0,21,0,200,0,0,1,0,60,3,1.0622636
461,0,24,1,25,0,0,1,0,120,4,0.69555992
462,0,43,1,67,0,0,0,1,45,2,1.0622636
463,0,22,0,45,0,0,1,0,30,3,1.4289674
464,0,24,1,45,1,0,1,1,45,3,0.32885617
465,0,27,0,25,0,0,1,0,120,4,-0.77125508
466,0,27,0,45,1,0,0,1,60,2,1.0622636
467,0,27,0,67,1,0,0,1,90,3,-0.03784757
468,0,25,0,67,1,0,0,1,90,3,-0.03784757
469,0,65,0,67,0,0,1,0,20,2,0.32885617
470,0,19,1,5,1,0,1,0,90,5,0.69555992
471,0,23,1,67,1,0,1,1,120,5,1.0622636
472,1,21,0,5,0,0,1,0,120,3,-0.03784757
473,0,52,0,15,1,0,1,1,120,5,-1.5046625
474,0,31,0,88,1,0,0,1,90,3,1.0622636
475,1,50,0,138,1,1,0,1,35,4,-1.5046625
476,1,33,1,35,1,0,0,0,120,5,0.69555992
477,1,42,1,88,1,0,0,0,30,4,0.32885617
478,1,29,0,25,1,1,0,1,45,3,1.0622636
479,0,26,1,35,1,0,0,0,120,4,-0.03784757
480,1,49,0,138,0,0,0,1,120,5,-2.23807
481,1,29,0,67,0,0,1,1,75,4,1.0622636
482,1,30,0,35,1,0,1,1,50,5,-1.1379588
483,1,29,0,88,1,0,0,1,60,3,-2.23807
484,0,22,1,15,1,0,1,0,120,5,1.4289674
485,1,21,0,15,0,0,1,0,60,2,-0.03784757
486,0,39,1,25,0,1,0,0,120,5,-1.8713663
487,0,32,0,55,1,1,0,1,120,5,1.4289674
488,0,22,0,45,0,0,1,0,100,3,-0.03784757
489,1,32,0,138,0,0,0,0,60,2,1.0622636
490,1,24,0,25,1,0,0,0,120,5,-0.03784757
491,0,34,0,35,0,1,0,0,120,5,-0.40455133
492,0,20,1,5,1,0,0,0,45,3,-0.40455133
493,1,26,0,55,1,1,0,1,120,4,1.0622636
494,1,68,1,55,1,0,1,1,20,3,0.69555992
495,1,27,1,35,1,0,0,0,60,1,-0.40455133
496,0,45,0,200,1,0,0,1,30,2,0.32885617
497,0,26,1,25,0,0,1,1,60,5,-0.40455133
498,0,35,1,112,1,0,0,1,25,3,0.69555992
499,0,62,0,15,1,0,0,1,25,2,-0.03784757
500,0,29,1,55,0,0,1,1,45,2,0.32885617
501,0,49,0,67,1,0,0,1,60,2,-0.03784757
502,0,41,0,45,1,0,0,0,60,3,0.69555992
503,0,52,0,112,1,0,0,0,120,3,-0.77125508
504,0,33,0,55,1,0,0,1,60,4,1.0622636
505,0,29,1,55,1,0,0,0,50,2,-0.77125508
506,1,47,1,88,1,0,0,1,60,3,0.32885617
507,0,35,0,55,1,0,1,1,120,5,0.32885617
508,1,49,0,45,1,0,0,0,30,3,-1.1379588
509,0,28,1,45,1,0,1,1,45,5,0.69555992
510,0,38,1,88,0,0,0,1,20,2,0.32885617
511,1,30,0,15,0,0,1,0,50,4,1.0622636
512,0,51,1,35,1,0,1,0,60,3,-1.1379588
513,1,32,0,15,1,0,1,1,45,5,0.32885617
514,0,35,0,112,1,0,1,1,90,4,0.69555992
515,0,22,0,5,0,0,0,0,100,3,1.0622636
516,1,31,0,5,1,0,0,0,30,1,-2.23807
517,1,36,1,45,1,0,1,1,60,4,-2.23807
518,0,54,0,15,1,0,0,1,120,3,-0.40455133
519,1,24,1,88,1,0,1,1,60,2,1.0622636
520,1,39,0,112,1,0,1,1,120,3,-2.23807
521,0,35,0,88,1,0,0,1,120,5,-0.03784757
522,0,28,0,55,0,0,1,1,120,5,-0.40455133
523,1,30,1,67,0,0,0,0,30,4,1.4289674
524,0,23,0,25,0,0,1,1,60,4,0.32885617
525,1,35,1,15,0,0,0,0,55,4,1.0622636
526,0,26,1,25,0,0,0,1,60,4,1.0622636
527,1,25,0,112,1,0,0,0,120,3,0.69555992
528,1,32,1,88,1,1,0,1,120,4,1.0622636
529,0,21,0,35,0,0,1,0,80,3,0.32885617
530,0,28,0,35,1,0,0,1,45,2,-0.40455133
531,0,32,1,112,0,0,1,1,60,1,1.0622636
532,0,43,0,88,0,0,0,1,60,3,1.4289674
533,0,51,1,138,1,0,1,1,40,3,0.32885617
534,1,20,0,67,0,0,0,1,30,3,1.4289674
535,0,26,0,45,1,0,1,1,35,3,-0.77125508
536,1,23,1,25,1,0,0,0,75,5,0.69555992
537,0,45,1,88,1,0,0,1,45,3,-1.5046625
538,0,30,1,15,1,0,1,0,120,2,0.69555992
539,0,34,0,35,1,0,0,1,60,3,1.0622636
540,1,48,1,55,1,0,1,1,60,4,0.69555992
541,0,49,0,88,0,0,1,0,30,5,-2.23807
542,0,29,1,35,1,0,0,0,30,5,0.69555992
543,1,20,0,67,0,1,0,0,45,2,1.0622636
544,0,27,0,25,1,0,0,0,90,3,-0.03784757
545,0,26,0,67,0,0,1,1,120,2,0.32885617
546,0,20,1,67,0,0,0,0,65,2,1.4289674
547,0,24,1,55,0,0,1,1,60,5,1.0622636
548,1,25,1,112,1,0,1,1,40,4,1.0622636
549,0,27,0,67,0,0,1,0,60,1,0.69555992
550,0,28,0,45,0,0,0,1,30,3,1.0622636
551,1,35,0,15,1,1,0,0,100,4,0.32885617
552,0,19,0,45,1,1,0,0,30,3,-0.03784757
553,0,20,0,55,1,0,0,0,95,3,1.4289674
554,0,29,0,5,0,0,0,0,120,3,0.69555992
555,0,37,1,88,1,0,0,1,60,3,0.69555992
556,0,23,0,55,0,0,0,1,30,3,0.69555992
557,0,59,0,55,1,0,0,0,45,3,-0.77125508
558,0,29,1,112,1,0,0,1,90,3,-0.77125508
559,1,31,0,35,1,0,0,0,60,2,-1.5046625
560,1,55,0,15,1,0,1,0,100,1,0.32885617
561,0,41,1,67,0,0,0,1,120,4,0.69555992
562,0,39,1,138,0,0,1,1,30,3,1.0622636
563,1,48,0,112,1,0,0,0,90,4,0.32885617
564,1,47,0,88,1,0,0,1,20,3,0.69555992
565,1,37,0,200,1,1,0,1,20,3,1.4289674
566,1,26,0,25,1,0,0,1,120,4,0.32885617
567,0,21,0,88,1,1,0,0,120,3,0.69555992
568,1,24,1,15,1,0,0,1,60,3,0.32885617
569,0,28,0,35,1,0,0,0,120,5,-0.77125508
570,0,30,1,67,1,1,0,0,30,2,-0.77125508
571,0,28,0,45,0,0,0,0,120,2,0.32885617
572,1,20,0,67,0,0,1,0,90,3,1.0622636
573,0,23,0,5,0,0,0,1,120,3,0.69555992
574,1,23,1,25,0,0,1,0,120,4,-1.5046625
575,0,22,0,35,1,1,0,0,120,5,-2.23807
576,0,24,1,67,0,0,1,1,30,3,0.32885617
577,0,25,0,25,1,0,1,0,120,2,-0.77125508
578,1,23,0,25,1,0,0,0,120,4,-2.23807
579,0,20,0,45,0,0,1,0,120,3,-0.40455133
580,0,27,0,55,0,0,1,0,120,5,1.4289674
581,0,23,1,67,1,0,0,1,30,2,1.0622636
582,0,46,0,88,1,0,0,1,60,1,1.4289674
583,1,28,1,138,1,0,1,1,120,5,-1.1379588
584,0,40,0,67,0,0,0,1,90,3,0.32885617
585,0,67,0,88,1,0,0,1,90,5,-0.40455133
586,1,20,0,45,1,1,0,0,60,4,0.69555992
587,1,61,0,55,1,1,0,0,30,5,-0.03784757
588,0,23,0,35,0,0,0,0,120,5,0.69555992
589,1,30,0,67,1,1,0,1,120,3,-0.40455133
590,0,32,1,88,1,1,0,1,120,5,-0.03784757
591,0,36,1,45,1,0,0,0,120,4,-0.03784757
592,1,21,0,88,0,0,1,0,69,2,0.69555992
593,0,34,0,67,1,0,0,1,90,3,-1.1379588
594,0,27,0,25,0,0,0,0,60,4,1.4289674
595,0,25,1,67,0,0,0,1,120,5,0.32885617
596,0,22,1,88,0,0,1,1,60,4,0.32885617
597,0,19,1,15,0,0,0,0,60,3,1.4289674
598,0,20,0,35,0,0,1,0,90,5,-2.23807
599,0,20,1,200,1,0,0,0,30,3,0.69555992
600,0,32,0,35,1,1,0,0,60,4,0.69555992
601,0,26,1,55,1,0,0,1,45,2,1.0622636
602,0,35,0,35,0,0,1,1,120,3,-0.40455133
603,0,55,1,25,0,0,1,0,45,3,-1.1379588
604,1,27,0,67,0,0,0,1,120,1,-1.8713663
605,1,22,1,35,1,0,0,1,120,4,0.69555992
606,0,32,1,112,1,0,0,1,90,4,0.69555992
607,0,26,0,35,1,0,0,1,20,2,0.69555992
608,1,22,0,138,1,0,0,1,120,5,-1.1379588
609,0,23,1,55,1,1,0,1,120,4,-0.77125508
610,1,33,0,88,1,0,0,0,120,4,-2.23807
611,1,20,0,200,1,0,0,0,60,3,-0.03784757
612,0,41,0,45,1,1,0,0,120,4,0.69555992
613,0,35,0,112,1,0,1,1,45,2,1.0622636
614,1,23,1,35,0,0,0,0,120,5,0.32885617
615,0,23,1,15,1,1,0,1,35,4,-0.03784757
616,0,35,0,67,1,1,0,1,30,2,-1.1379588
617,0,27,0,35,1,0,0,0,60,3,-0.40455133
618,0,36,0,25,1,0,1,1,90,4,-1.5046625
619,0,33,0,35,1,1,0,1,120,5,1.0622636
620,1,24,0,67,0,0,0,1,20,4,-0.40455133
621,1,29,0,55,1,1,0,1,45,3,0.69555992
622,0,21,0,67,1,0,1,0,45,4,0.32885617
623,0,23,1,67,1,0,1,0,20,1,0.69555992
624,1,47,1,35,1,1,0,0,120,3,0.32885617
625,1,24,1,15,1,0,0,0,20,4,1.0622636
626,0,19,0,67,1,0,0,0,30,3,1.4289674
627,0,44,1,200,0,1,0,1,45,2,-0.77125508
628,0,67,0,45,1,0,0,0,25,2,0.69555992
629,1,20,0,67,1,0,0,0,60,2,1.0622636
630,1,19,1,45,1,0,0,0,60,5,0.32885617
631,0,39,1,200,1,0,1,1,45,5,1.0622636
632,0,46,0,15,1,0,0,0,60,2,0.69555992
633,1,31,0,35,1,0,0,0,120,3,0.69555992
634,1,59,1,45,1,0,0,1,120,5,-0.77125508
635,0,23,0,88,0,0,0,1,40,2,0.32885617
636,0,37,0,25,1,0,1,0,60,2,-0.03784757
637,0,22,0,67,0,0,0,0,120,5,0.69555992
638,1,20,1,55,0,0,1,0,75,4,-0.40455133
639,0,37,1,200,1,0,0,1,30,2,-1.5046625
640,0,32,1,67,1,0,1,1,45,3,0.69555992
641,0,30,1,25,0,0,1,0,120,4,-1.1379588
642,0,22,0,25,1,0,0,0,120,4,-1.5046625
643,0,22,1,112,1,0,0,0,70,4,-0.40455133
644,0,20,0,45,1,0,0,0,20,2,0.69555992
645,0,24,0,35,1,0,1,1,120,5,1.0622636
646,0,19,1,67,1,1,0,0,120,3,0.69555992
647,0,25,0,88,1,1,0,0,90,1,1.0622636
648,0,25,0,67,1,0,0,1,30,3,0.69555992
649,1,23,0,45,1,0,1,1,45,3,0.69555992
650,0,24,1,35,1,0,1,1,90,3,-0.40455133
651,0,19,0,5,1,0,0,0,75,3,0.32885617
652,0,43,0,88,1,0,0,0,30,3,0.69555992
653,0,47,0,5,1,0,0,0,120,4,-2.23807
654,0,24,0,112,1,0,1,1,60,3,-0.03784757
655,1,34,0,200,0,0,1,1,60,3,1.4289674
656,0,22,1,15,0,1,0,0,20,2,1.4289674
657,1,61,0,35,1,0,0,0,60,3,1.0622636
658,1,21,1,138,1,1,0,0,45,4,-0.40455133
659,0,20,0,112,1,1,0,0,20,3,0.32885617
660,1,34,0,112,1,0,0,1,120,3,0.69555992
661,0,23,1,45,0,0,1,0,120,5,-2.23807
662,0,63,0,67,1,1,0,1,70,3,-0.03784757
663,1,23,0,88,1,0,0,0,30,4,1.4289674
664,0,47,0,200,1,0,1,1,120,4,-0.40455133
665,0,55,0,200,1,0,1,1,60,5,-0.03784757
666,1,70,0,138,1,0,1,0,45,4,-0.77125508
667,0,47,1,55,1,1,0,1,60,3,1.0622636
668,0,46,1,35,1,0,0,0,120,1,0.69555992
669,1,45,0,88,1,0,0,1,120,5,-0.40455133
670,0,29,0,35,0,0,0,0,120,2,-1.5046625
671,0,33,0,5,1,0,1,0,120,4,0.69555992
672,1,22,1,45,0,0,1,0,60,5,0.69555992
673,1,51,0,138,1,0,0,1,60,3,0.32885617
674,1,52,0,138,1,1,0,0,120,3,-1.1379588
675,0,46,0,55,0,1,0,1,60,3,-1.1379588
676,0,35,1,88,1,1,0,1,60,2,0.69555992
677,0,33,1,67,1,0,0,1,90,4,0.69555992
678,0,21,1,67,0,0,1,0,90,1,0.32885617
679,0,39,1,45,0,0,1,1,40,1,1.4289674
680,1,72,1,88,0,1,0,1,60,4,-0.03784757
681,0,24,0,35,1,0,1,1,30,4,0.32885617
682,1,19,0,45,0,0,1,0,30,3,1.0622636
683,0,26,1,88,1,0,0,1,45,3,1.0622636
684,0,30,0,25,1,0,1,0,120,5,-0.77125508
685,1,48,0,88,1,0,0,0,120,3,-0.40455133
686,0,40,0,45,0,0,1,1,120,5,-1.5046625
687,1,22,0,15,1,0,1,0,120,4,1.0622636
688,0,25,0,67,0,0,1,1,60,3,0.32885617
689,0,36,0,45,1,0,1,1,120,5,-0.40455133
690,1,19,0,88,1,1,0,0,60,3,1.0622636
691,0,25,0,88,0,0,0,1,45,3,-0.03784757
692,0,33,1,55,1,1,0,0,60,3,0.69555992
693,1,31,1,67,1,0,1,0,80,3,-1.5046625
694,0,66,1,25,1,0,0,0,30,3,1.0622636
695,0,27,0,35,1,0,0,1,60,5,0.69555992
696,0,24,1,35,1,0,0,1,30,5,1.4289674
697,0,55,0,112,1,0,0,0,20,3,0.69555992
698,0,23,0,35,0,0,1,1,60,2,0.69555992
699,1,38,0,55,1,1,0,1,90,3,0.69555992
700,0,20,1,88,1,0,1,1,70,4,0.69555992
701,1,27,1,35,1,0,0,1,60,3,1.0622636
702,0,38,0,35,0,0,1,1,120,5,-1.1379588
703,0,25,0,88,1,0,1,1,60,3,0.69555992
704,1,37,0,35,1,0,1,0,30,3,1.0622636
705,0,25,0,55,1,0,0,1,60,3,0.32885617
706,0,22,0,200,1,0,0,1,30,2,-1.5046625
707,0,19,0,138,0,0,0,0,45,3,-1.5046625
708,0,30,0,45,0,0,0,0,60,5,0.69555992
709,0,42,0,15,1,0,0,0,120,5,-0.40455133
710,1,61,0,88,1,1,0,0,120,3,-1.1379588
711,0,36,0,35,0,0,1,1,100,3,-0.77125508
712,0,20,0,138,1,0,1,1,60,4,1.0622636
713,0,47,0,67,0,0,1,1,120,3,-1.1379588
714,0,43,0,45,1,1,0,0,120,4,-0.40455133
715,1,48,1,15,1,0,0,1,60,3,0.32885617
716,0,33,0,45,1,1,0,1,90,4,-0.03784757
717,0,23,1,88,0,0,0,1,60,3,1.0622636
718,1,21,0,112,1,0,0,0,30,3,0.32885617
719,0,19,0,88,1,0,1,0,35,3,-0.03784757
720,0,21,0,15,0,0,0,0,60,3,0.69555992
721,0,52,0,200,0,0,0,1,120,2,-1.5046625
722,1,21,0,138,1,0,1,0,120,4,0.32885617
723,0,21,1,35,1,0,0,0,120,4,0.32885617
724,0,31,0,112,1,0,1,1,90,2,-0.03784757
725,0,22,0,5,0,0,1,0,120,5,-0.40455133
726,0,45,0,5,0,0,0,0,120,5,-1.1379588
727,0,33,0,88,1,0,0,1,60,2,1.0622636
728,1,21,1,55,1,0,0,0,20,3,0.32885617
729,0,27,0,200,1,0,0,0,90,3,0.69555992
730,1,49,1,200,0,0,0,1,120,3,-1.8713663
731,1,21,1,112,0,0,1,0,60,4,1.0622636
732,0,34,0,88,1,1,0,1,60,4,-0.03784757
733,1,45,1,15,1,0,0,0,120,3,-0.40455133
734,0,42,0,67,1,0,1,0,120,3,0.32885617
735,1,40,0,200,0,0,0,1,30,4,1.4289674
736,0,42,0,67,0,0,0,1,120,5,-0.40455133
737,1,30,0,5,1,0,1,0,120,3,-0.40455133
738,1,44,0,67,1,0,1,0,30,5,-1.1379588
739,1,46,0,200,1,0,0,1,120,2,0.32885617
740,1,31,0,88,1,0,0,1,120,4,-0.40455133
741,0,51,0,88,1,1,0,0,90,3,-0.03784757
742,0,19,0,25,0,0,1,0,40,4,-0.03784757
743,1,27,0,88,1,0,1,1,75,3,0.32885617
744,0,35,0,67,0,0,0,1,60,3,-0.40455133
745,0,38,0,200,1,0,1,1,60,3,1.0622636
746,0,55,0,88,1,0,0,0,120,3,0.32885617
747,0,21,0,5,1,0,1,0,60,2,1.4289674
748,1,49,0,88,0,0,1,1,60,3,-0.40455133
749,0,25,0,67,0,0,1,0,60,3,0.32885617
750,0,32,1,35,1,0,1,0,60,5,1.4289674
751,0,58,0,35,1,0,1,0,60,4,-1.5046625
752,1,19,0,112,1,0,0,0,60,3,1.0622636
753,0,40,0,45,1,0,0,0,60,4,0.32885617
754,1,41,1,88,1,0,0,1,120,5,0.32885617
755,0,20,0,67,0,0,0,0,45,3,0.69555992
756,0,23,0,67,0,0,0,1,60,5,1.4289674
757,0,65,0,25,1,0,0,1,120,3,1.0622636
758,0,26,0,35,1,0,1,1,45,5,-0.03784757
759,1,25,0,25,1,0,1,1,120,4,0.69555992
760,0,28,0,15,1,0,1,0,120,3,0.32885617
761,0,19,1,67,1,0,0,0,60,4,1.0622636
762,0,59,0,45,1,0,1,0,120,5,0.69555992
763,1,51,0,25,1,1,0,0,60,4,0.69555992
764,0,61,0,67,1,0,1,0,120,4,-1.1379588
765,0,24,0,55,1,0,0,1,100,3,0.69555992
766,0,20,0,67,0,0,1,0,30,4,0.32885617
767,0,24,0,5,0,0,0,1,75,3,1.0622636
768,1,26,1,45,1,0,0,1,45,2,0.69555992
769,1,41,1,112,1,0,1,1,90,4,-1.1379588
770,1,34,1,138,1,0,1,0,60,5,0.69555992
771,0,59,0,88,1,0,0,1,60,4,-0.40455133
772,0,33,1,55,0,0,0,1,60,5,0.69555992
773,0,30,1,88,1,0,0,1,20,2,1.0622636
774,0,34,0,200,1,0,0,1,45,4,1.4289674
775,0,35,1,67,1,1,0,1,60,4,-0.40455133
776,1,30,0,200,0,0,1,1,30,1,0.69555992
777,0,37,0,55,0,0,0,0,120,1,0.32885617
778,1,38,0,112,0,0,1,1,90,5,1.4289674
779,1,33,1,200,0,0,0,1,30,4,0.69555992
780,0,31,1,25,0,0,0,0,35,3,-0.03784757
781,0,32,1,88,1,0,0,0,30,2,-0.77125508
782,0,22,1,25,1,0,1,1,20,2,0.69555992
783,0,25,0,45,1,0,1,1,60,4,-0.03784757
784,0,38,1,200,0,0,1,1,30,4,0.69555992
785,0,20,0,200,0,0,1,0,120,4,0.32885617
786,0,57,1,5,1,0,1,0,120,5,-0.77125508
787,1,31,1,138,1,0,1,1,120,5,1.4289674
788,1,29,0,67,1,0,1,1,30,2,1.0622636
789,0,50,1,15,1,0,0,1,50,2,-1.5046625
790,1,42,0,88,1,0,1,1,65,4,-0.03784757
791,1,57,0,88,1,0,1,1,30,1,1.0622636
792,1,36,1,45,1,0,0,1,120,4,0.69555992
793,0,32,1,112,0,0,1,1,30,4,-1.1379588
794,0,25,0,45,1,1,0,1,120,4,1.0622636
795,0,28,1,67,1,0,1,1,40,2,0.69555992
796,0,54,0,138,1,0,0,1,90,4,-0.40455133
797,0,24,0,25,0,0,1,0,100,5,-2.23807
798,0,38,0,138,1,1,0,1,25,4,0.32885617
799,0,22,0,35,0,0,0,0,120,5,-2.23807
800,1,50,0,67,1,1,0,0,60,3,-0.40455133
801,1,34,0,15,0,0,0,0,120,3,-2.23807
802,0,47,1,138,0,0,1,1,45,2,-2.23807
803,0,19,0,45,1,0,1,0,45,3,0.69555992
804,0,25,1,5,1,0,1,0,120,5,0.69555992
805,0,23,0,138,1,1,0,1,45,4,-1.8713663
806,0,23,0,25,0,1,0,0,60,3,1.0622636
807,0,22,1,200,1,1,0,0,20,2,-0.03784757
808,0,35,1,55,0,0,1,1,60,3,0.32885617
809,1,56,0,35,1,1,0,1,70,3,1.0622636
810,0,26,1,5,0,0,0,1,30,3,1.4289674
811,0,20,0,200,0,0,0,0,60,3,1.4289674
812,1,24,1,15,0,0,1,0,120,5,-1.1379588
813,1,35,0,67,1,0,0,0,60,3,0.32885617
814,1,33,1,138,1,0,1,1,60,3,0.32885617
815,0,23,0,55,0,0,1,1,120,4,-0.03784757
816,0,29,1,67,1,0,1,1,30,2,1.0622636
817,1,41,1,67,1,0,1,0,60,3,-1.1379588
818,0,21,0,67,0,0,0,0,65,3,1.0622636
819,1,24,0,67,1,0,0,1,60,4,1.0622636
820,0,21,0,200,0,0,0,0,70,4,1.0622636
821,0,37,0,45,1,0,0,1,45,3,0.32885617
822,0,66,0,25,1,1,0,0,100,2,-2.23807
823,0,28,0,35,1,0,0,0,45,3,-0.03784757
824,0,19,1,200,1,0,1,0,55,3,1.0622636
825,0,33,0,67,1,0,0,1,120,2,0.69555992
826,0,40,0,88,1,0,0,0,120,5,-2.23807
827,0,25,1,35,1,0,0,0,30,3,1.0622636
828,0,29,0,45,1,0,0,0,120,5,-1.5046625
829,0,52,0,45,1,0,1,0,120,5,-0.03784757
830,1,33,0,5,0,0,1,0,120,5,-1.8713663
831,0,29,1,112,1,0,1,1,60,3,1.0622636
832,0,21,0,200,0,0,1,0,60,4,0.32885617
833,1,26,1,67,1,0,1,1,80,4,0.69555992
834,0,21,0,67,1,0,1,0,120,4,1.0622636
835,0,49,0,25,1,0,0,0,120,4,-1.5046625
836,0,19,1,200,0,1,0,0,60,4,-0.77125508
837,1,40,0,67,1,0,0,1,90,3,-0.03784757
838,0,36,0,138,1,1,0,1,60,5,1.0622636
839,0,25,1,45,1,0,1,1,30,3,0.69555992
840,1,20,1,25,1,0,1,0,120,4,0.69555992
841,0,24,0,15,1,0,0,1,60,4,0.32885617
842,1,41,1,112,1,0,1,1,30,4,-1.1379588
843,0,20,0,67,0,0,1,0,120,5,0.69555992
844,0,27,1,25,0,0,1,1,30,1,0.69555992
845,0,41,1,45,1,0,1,0,120,3,-1.1379588
846,1,34,0,200,1,0,1,1,60,4,1.0622636
847,0,36,0,35,1,0,1,0,30,1,0.32885617
848,0,20,0,25,1,0,1,0,45,2,-0.03784757
849,1,31,1,55,0,0,0,1,20,2,0.69555992
850,0,21,0,45,1,0,0,0,60,3,1.4289674
851,0,75,0,45,1,0,1,1,120,5,-1.5046625
852,0,19,0,45,1,0,1,0,45,4,0.69555992
853,0,52,0,25,1,0,0,0,120,2,0.32885617
854,0,47,0,67,1,0,0,1,90,3,0.69555992
855,0,67,0,88,1,1,0,0,90,3,-1.1379588
856,1,25,0,88,1,0,1,1,20,3,1.0622636
857,0,36,0,25,1,0,0,0,120,3,-0.03784757
858,0,36,1,25,1,0,1,0,120,3,1.0622636
859,0,41,0,112,1,0,1,1,80,3,-0.03784757
860,0,20,0,67,0,0,0,0,120,5,1.4289674
861,1,47,0,25,0,0,0,0,120,5,-2.23807
862,0,23,1,5,1,0,0,1,120,3,0.69555992
863,1,21,1,15,0,0,1,0,70,5,0.32885617
864,0,45,0,25,1,1,0,0,120,4,-1.8713663
865,0,35,0,88,1,0,1,0,30,2,0.69555992
866,1,33,1,55,1,0,0,1,20,3,1.0622636
867,0,40,0,200,0,0,0,1,70,5,0.69555992
868,0,21,0,88,1,1,0,0,120,5,-1.8713663
869,0,22,0,88,1,1,0,1,120,4,1.0622636
870,0,23,0,15,0,0,1,1,120,5,-2.23807
871,1,50,0,55,1,1,0,0,120,5,0.32885617
872,0,20,0,88,0,0,1,0,80,3,0.69555992
873,1,33,0,35,1,0,0,0,40,3,-1.1379588
874,0,43,0,35,1,0,1,0,60,2,-1.5046625
875,0,26,1,55,1,0,1,1,120,4,1.0622636
876,1,19,0,67,0,0,1,0,60,3,1.4289674
877,0,39,0,112,1,0,1,1,60,3,0.69555992
878,0,38,0,112,1,0,0,1,100,5,-0.03784757
879,1,35,0,25,1,0,0,0,90,2,1.0622636
880,1,43,1,35,1,1,0,0,70,4,0.32885617
881,0,19,1,35,0,0,0,0,20,2,1.4289674
882,0,23,1,112,1,0,1,1,30,3,1.4289674
883,0,35,1,112,1,0,1,1,45,4,-1.5046625
884,0,32,0,55,1,0,1,1,60,4,1.0622636
885,1,26,1,88,1,1,0,1,120,5,0.69555992
886,1,66,0,88,1,0,0,1,30,2,0.32885617
887,0,61,0,45,1,0,0,1,35,4,0.32885617
888,0,31,0,88,1,0,0,1,20,1,0.32885617
889,0,20,0,67,1,1,0,0,30,3,1.0622636
890,0,30,1,112,1,0,1,1,90,3,1.0622636
891,0,56,0,45,0,0,1,0,120,4,-0.03784757
892,1,27,0,55,1,0,0,0,40,1,1.0622636
893,0,19,0,67,0,0,0,0,30,2,0.32885617
894,0,26,0,25,0,0,0,0,120,3,-0.77125508
895,1,22,1,45,1,0,1,0,30,3,0.69555992
896,0,21,0,200,0,1,0,0,20,5,0.69555992
897,1,23,1,45,1,0,1,1,60,5,1.0622636
898,1,26,0,35,1,1,0,0,90,2,0.69555992
899,0,19,0,5,0,0,0,0,50,5,0.32885617
900,1,49,0,25,0,0,1,0,120,5,1.0622636
901,0,38,0,45,0,0,1,1,120,2,-1.8713663
902,0,34,1,112,1,0,0,1,45,3,0.69555992
903,0,48,0,25,1,0,1,1,60,4,-1.5046625
904,1,33,1,138,0,0,0,1,60,3,-0.03784757
905,1,28,0,67,1,0,1,1,30,1,0.32885617
906,1,29,0,112,0,0,0,1,30,3,1.0622636
907,0,37,0,88,1,0,1,0,38,4,0.32885617
908,0,28,0,15,1,0,0,1,120,4,-0.03784757
909,0,24,1,25,1,0,1,1,45,1,0.69555992
910,1,47,0,15,1,0,0,0,120,3,-1.8713663
911,0,32,0,55,1,0,1,0,100,4,1.0622636
912,1,20,1,25,1,0,1,0,120,3,1.0622636
913,0,65,0,35,1,0,1,0,90,3,-0.77125508
914,1,58,0,45,1,0,1,1,120,4,-0.40455133
915,0,19,1,15,0,0,0,0,45,4,-0.03784757
916,0,58,0,138,1,1,0,0,120,4,0.69555992
917,0,49,1,55,1,0,1,1,60,4,0.32885617
918,1,21,1,25,0,0,0,0,30,1,0.69555992
919,0,20,1,5,0,0,0,0,90,5,0.69555992
920,1,40,0,45,0,0,1,0,120,5,-0.40455133
921,0,20,0,55,0,1,0,0,30,2,1.4289674
922,1,61,0,88,1,0,0,1,90,1,-1.1379588
923,0,52,0,67,1,1,0,0,30,3,-0.77125508
924,1,26,1,25,0,0,1,0,45,5,-0.40455133
925,0,20,0,25,0,0,1,0,90,4,0.69555992
926,0,51,1,200,1,0,1,1,48,3,-1.1379588
927,0,41,0,55,1,1,0,0,90,4,-0.03784757
928,0,25,1,55,1,0,1,0,90,4,0.69555992
929,0,44,0,25,1,0,0,0,120,5,-0.40455133
930,0,50,0,67,1,0,0,1,90,3,0.69555992
931,1,55,0,45,0,0,1,1,60,3,-0.40455133
932,1,25,1,200,1,0,0,1,30,2,-0.40455133
933,1,53,0,25,1,0,1,0,60,3,-1.8713663
934,0,45,0,67,1,1,0,1,120,3,1.4289674
935,0,21,0,5,1,1,0,0,90,4,-1.1379588
936,0,29,1,112,1,0,1,1,60,5,0.32885617
937,0,45,0,112,1,1,0,1,90,3,-0.40455133
938,0,30,0,112,1,0,0,0,120,3,0.69555992
939,1,25,0,5,1,0,0,1,45,1,1.4289674
940,0,32,0,55,1,0,0,0,60,3,-1.1379588
941,0,44,1,88,1,0,1,1,30,3,-0.40455133
942,0,22,1,112,1,1,0,0,120,4,0.32885617
943,0,28,0,5,0,0,1,1,120,5,0.69555992
944,0,21,0,200,1,0,0,0,90,4,0.69555992
945,0,32,1,45,1,1,0,0,120,3,-0.03784757
946,0,41,1,25,1,0,0,0,90,4,0.32885617
947,0,25,0,67,1,0,0,1,60,5,1.0622636
948,1,37,0,35,0,0,0,0,120,4,-1.1379588
949,1,52,1,45,1,1,0,1,30,3,-0.03784757
950,1,20,0,200,1,0,1,0,60,4,-1.1379588
951,0,54,1,88,1,0,0,1,45,5,0.32885617
952,0,22,1,88,1,0,1,0,40,2,0.69555992
953,1,24,1,112,1,1,0,1,60,5,1.0622636
954,0,23,1,88,0,0,1,1,20,1,1.0622636
955,1,37,1,112,1,0,1,1,90,5,0.69555992
956,0,43,0,67,0,0,0,0,120,5,-1.5046625
957,1,26,1,35,0,0,0,1,50,3,0.69555992
958,1,33,0,45,1,0,1,0,90,5,-1.1379588
959,0,32,0,67,1,0,0,1,120,3,-1.8713663
960,0,23,0,112,1,0,0,1,45,1,0.32885617
961,0,31,1,112,0,0,1,1,20,3,-1.5046625
962,0,22,1,25,0,0,0,0,50,4,-0.03784757
963,1,63,1,25,1,0,0,1,120,4,-1.1379588
964,1,24,1,112,1,0,1,0,60,3,0.32885617
965,0,30,1,138,0,0,0,1,20,3,-0.03784757
966,1,28,0,55,1,0,0,1,120,5,0.69555992
967,1,48,0,55,1,0,1,1,25,4,-0.03784757
968,0,28,0,25,1,0,0,1,120,3,-1.1379588
969,0,34,1,15,1,0,1,0,30,4,0.32885617
970,0,25,1,5,0,0,1,1,75,5,-2.23807
971,1,21,1,200,0,0,0,0,80,4,1.4289674
972,0,35,0,88,1,0,1,1,120,5,-1.8713663
973,0,22,1,5,0,0,1,0,90,5,-1.1379588
974,0,25,0,15,1,0,1,0,80,5,-1.1379588
975,0,19,1,200,0,0,0,0,60,4,-0.77125508
976,1,27,1,112,1,0,1,1,120,4,1.4289674
977,0,30,0,67,1,0,1,1,60,5,0.69555992
978,0,29,1,112,0,0,1,1,90,5,1.0622636
979,1,23,0,67,0,0,1,0,60,3,1.0622636
980,1,34,1,67,0,0,0,1,100,3,-1.5046625
981,1,28,0,25,1,1,0,1,40,3,0.69555992
982,1,28,0,55,1,0,1,1,60,4,0.32885617
983,0,33,1,112,1,0,0,1,30,4,1.0622636
984,0,24,1,35,0,0,1,1,60,5,1.4289674
985,1,26,0,35,1,0,0,0,120,5,0.69555992
986,0,19,0,5,1,0,0,0,60,4,0.69555992
987,0,20,1,5,0,0,1,0,120,3,0.69555992
988,0,25,1,67,0,0,1,1,20,5,1.4289674
989,0,44,1,67,1,0,0,1,45,3,-1.5046625
990,1,45,0,88,1,0,0,1,90,4,-1.5046625
991,0,44,0,200,1,0,1,0,90,5,0.32885617
992,0,32,1,15,1,0,1,0,60,4,-0.40455133
993,0,38,0,88,1,0,1,1,60,3,-0.03784757
994,0,30,0,88,1,0,1,1,100,5,-2.23807
995,0,20,1,200,1,0,1,0,45,2,1.0622636
996,0,60,0,35,1,1,0,0,60,4,-0.40455133
997,0,37,0,67,1,0,1,1,30,4,-1.5046625
998,0,32,1,88,1,0,0,1,60,3,-0.03784757
999,1,41,0,25,1,0,0,0,40,3,0.69555992
1000,0,20,1,67,1,0,0,0,60,3,0.69555992
1001,0,19,0,25,0,0,0,0,120,1,0.69555992
1002,0,29,1,25,1,0,0,1,45,4,0.32885617
1003,0,44,0,112,1,1,0,1,35,2,-0.77125508
1004,0,35,1,35,1,1,0,0,90,4,0.69555992
1005,0,33,1,112,0,0,1,1,25,2,0.32885617
1006,0,54,0,112,1,0,0,0,60,2,1.0622636
1007,0,46,0,55,1,0,0,0,60,2,0.69555992
1008,0,56,0,112,1,0,1,1,60,4,-0.77125508
1009,0,33,0,67,0,0,1,0,120,2,0.32885617
1010,0,45,0,200,1,1,0,1,100,3,0.32885617
1011,0,50,0,138,0,0,1,1,90,2,0.69555992
1012,0,26,1,25,1,0,0,0,60,4,0.32885617
1013,0,20,1,200,1,0,1,0,60,3,0.32885617
1014,1,56,0,25,1,0,1,0,120,3,-1.8713663
1015,0,37,0,35,1,0,1,1,120,5,-0.40455133
1016,1,26,0,55,1,0,1,1,90,4,0.32885617
1017,0,25,1,112,0,0,1,1,60,3,-0.77125508
1018,1,22,1,67,1,0,0,0,100,5,1.4289674
1019,0,57,0,45,1,0,0,1,60,3,1.4289674
1020,1,48,0,67,1,1,0,0,60,2,0.32885617
1021,1,24,1,25,0,0,0,0,120,5,-1.5046625
1022,1,22,1,25,1,0,0,0,60,4,1.0622636
1023,0,22,1,200,1,0,1,0,45,4,-1.1379588
1024,1,27,0,45,1,0,1,1,60,4,-0.40455133
1025,0,52,1,138,1,0,0,0,60,2,-0.03784757
1026,0,31,0,67,0,0,1,1,120,5,-0.77125508
1027,1,25,1,25,1,0,1,1,45,3,0.69555992
1028,1,26,1,35,1,0,0,1,60,3,-0.03784757
1029,1,48,1,88,1,0,0,0,30,3,-1.1379588
1030,0,26,1,88,1,0,1,1,90,5,1.4289674
1031,0,28,1,45,1,0,0,1,40,3,0.32885617
1032,1,28,1,15,1,0,0,1,20,1,0.32885617
1033,0,38,0,112,1,1,0,1,90,5,0.32885617
1034,0,20,1,67,0,0,0,0,60,4,0.32885617
1035,0,20,0,25,1,0,0,0,20,3,0.69555992
1036,1,19,0,112,1,0,1,0,60,4,0.32885617
1037,0,29,0,138,0,0,0,1,120,5,-1.1379588
1038,0,22,1,25,1,0,1,0,120,4,-1.5046625
1039,0,22,1,35,1,0,1,0,60,4,0.32885617
1040,0,21,1,45,1,0,1,0,120,4,-0.03784757
1041,1,25,0,55,1,0,1,0,120,4,-0.77125508
1042,0,38,0,25,0,0,1,1,120,4,-0.03784757
1043,1,63,0,35,1,0,1,0,30,3,0.69555992
1044,0,53,1,45,1,1,0,0,70,4,-1.1379588
1045,0,25,1,112,1,0,1,1,75,5,0.32885617
1046,0,19,1,67,1,0,1,0,30,2,1.0622636
1047,0,31,0,35,1,0,0,1,60,4,0.69555992
1048,0,42,0,45,1,1,0,1,60,4,0.69555992
1049,0,19,1,112,0,0,0,0,30,2,-0.40455133
1050,1,25,1,88,1,0,1,1,90,3,-0.03784757
1051,0,37,1,45,1,0,1,1,35,4,-1.1379588
1052,0,20,1,67,1,0,1,0,20,2,0.32885617
1053,0,21,0,88,0,0,1,0,60,3,-1.5046625
1054,1,19,1,200,1,0,0,0,30,2,0.32885617
1055,1,28,1,88,1,0,0,1,100,4,-1.5046625
1056,0,26,1,25,1,0,0,0,120,4,-2.23807
1057,0,22,0,35,0,0,1,0,45,3,0.69555992
1058,1,20,1,112,1,0,0,0,75,5,0.32885617
1059,1,42,1,88,1,0,0,0,60,3,-0.77125508
1060,0,27,0,67,0,0,0,1,120,5,1.0622636
1061,0,56,0,67,1,0,1,0,120,4,-1.1379588
1062,0,52,1,5,1,0,0,1,90,1,-2.23807
1063,1,38,1,88,0,0,0,1,60,4,0.32885617
1064,0,33,0,45,1,0,0,0,60,5,-0.40455133
1065,1,46,1,45,1,0,0,1,35,3,1.0622636
1066,0,32,0,67,0,0,1,1,30,2,1.4289674
1067,0,34,0,35,0,0,0,0,60,2,-0.03784757
1068,1,26,1,35,1,0,0,1,25,2,1.0622636
1069,0,31,0,45,0,0,0,0,45,5,-1.5046625
1070,0,51,1,88,0,0,1,0,60,2,-0.77125508
1071,0,27,1,200,0,0,1,1,90,3,-0.40455133
1072,1,38,0,45,1,0,1,1,45,3,1.0622636
1073,0,27,1,35,1,1,0,1,30,4,1.0622636
1074,0,19,1,67,1,0,1,1,120,4,1.4289674
1075,1,45,0,55,1,0,0,1,30,3,0.32885617
1076,0,19,1,15,0,0,0,0,120,2,-0.03784757
1077,1,44,0,55,1,0,0,0,120,3,-0.03784757
1078,0,31,1,112,0,0,0,1,55,4,1.4289674
1079,1,29,1,138,1,0,0,1,30,2,1.0622636
1080,1,22,1,138,0,0,1,1,35,4,0.69555992
1081,1,72,0,67,1,0,1,1,90,3,-1.1379588
1082,0,21,1,112,1,1,0,0,20,4,1.4289674
1083,0,58,0,112,1,0,0,1,60,3,0.32885617
1084,0,49,0,67,1,1,0,1,90,3,-1.1379588
1085,0,29,0,200,0,0,1,1,60,3,1.0622636
1086,0,24,1,55,1,0,1,1,30,3,1.0622636
1087,1,21,0,138,1,0,1,0,20,4,1.0622636
1088,0,26,0,67,0,0,0,0,60,2,-0.77125508
1089,0,27,0,67,1,0,1,1,90,3,0.69555992
1090,1,68,0,35,1,0,0,1,60,2,0.32885617
1091,1,52,0,55,1,0,1,0,75,4,0.32885617
1092,1,56,0,15,1,0,1,1,90,5,-0.77125508
1093,0,21,1,55,1,0,0,0,60,1,1.4289674
1094,0,38,0,88,0,0,1,1,60,4,0.32885617
1095,1,29,1,45,1,0,0,0,120,1,-1.1379588
1096,1,39,1,88,1,0,0,1,50,3,-1.5046625
1097,1,38,1,25,0,0,0,0,120,4,-2.23807
1098,0,29,1,55,0,0,1,1,120,5,-0.77125508
1099,1,19,1,25,1,0,0,1,120,4,0.69555992
1100,0,25,1,35,1,0,1,1,120,4,1.0622636
1101,1,26,1,67,0,0,1,1,45,3,0.32885617
1102,1,37,0,88,1,1,0,1,90,4,1.0622636
1103,1,35,0,25,1,0,0,0,120,4,-1.5046625
1104,0,21,1,88,1,0,1,0,45,3,1.0622636
1105,0,22,0,55,0,0,0,0,60,3,0.69555992
1106,0,37,0,200,1,1,0,1,90,2,-0.77125508
1107,0,39,0,35,1,0,0,0,120,3,-0.40455133
1108,1,35,1,67,1,1,0,1,60,4,-0.40455133
1109,0,35,0,5,1,0,0,1,30,2,0.32885617
1110,0,32,1,35,1,0,1,0,70,3,1.4289674
1111,0,29,1,67,1,0,1,1,120,4,1.4289674
1112,0,54,0,200,1,0,1,1,60,2,-0.77125508
1113,1,44,1,35,1,0,1,1,60,4,-0.40455133
1114,0,45,0,67,1,0,1,0,120,4,-1.8713663
1115,1,21,1,88,1,0,0,0,25,4,0.32885617
1116,0,28,0,55,1,0,0,0,35,4,-0.40455133
1117,0,44,0,67,1,0,0,0,90,3,-0.03784757
1118,1,51,0,200,1,0,1,1,75,5,0.32885617
1119,0,35,1,112,1,0,1,1,90,2,-0.40455133
1120,1,51,0,88,0,1,0,1,120,4,-0.40455133
1121,1,23,1,55,1,1,0,1,45,2,0.32885617
1122,0,42,0,35,1,1,0,1,120,5,-1.5046625
1123,1,66,0,55,1,0,0,1,120,5,-1.5046625
1124,0,30,1,67,0,0,0,1,90,3,0.69555992
1125,1,37,1,88,1,0,1,1,30,3,1.4289674
1126,0,32,1,88,0,0,0,0,120,4,-0.40455133
1127,0,37,0,25,1,0,1,0,120,4,0.32885617
1128,0,21,1,67,1,0,0,0,30,4,1.4289674
1129,0,24,1,67,0,0,1,1,120,4,0.69555992
1130,0,24,0,35,1,0,0,1,120,5,-1.8713663
1131,0,40,0,25,1,1,0,0,30,3,-0.03784757
1132,1,19,1,25,0,0,0,0,30,3,-1.1379588
1133,1,19,0,67,0,0,1,0,34,4,-0.03784757
1134,0,22,1,112,1,1,0,0,30,4,0.32885617
1135,0,27,1,45,1,0,1,1,60,5,0.32885617
1136,0,32,1,55,1,1,0,1,60,5,0.32885617
1137,1,29,1,25,1,0,0,0,120,5,1.0622636
1138,0,34,1,15,1,0,0,0,120,3,-1.5046625
1139,0,39,0,35,1,0,1,0,120,2,-1.5046625
1140,1,29,1,5,1,0,1,0,30,5,0.69555992
1141,1,36,0,35,1,0,0,0,30,1,0.69555992
1142,1,21,1,200,1,0,1,0,90,3,-0.77125508
1143,1,56,0,138,1,1,0,0,90,3,-0.40455133
1144,0,19,1,112,1,0,1,0,60,3,-0.03784757
1145,0,22,1,88,1,0,1,0,75,3,0.32885617
1146,0,27,0,5,1,0,0,0,45,4,0.32885617
1147,0,21,0,5,1,0,0,0,20,2,0.32885617
1148,0,44,0,25,0,0,0,0,120,4,-0.77125508
1149,0,21,1,112,1,0,1,0,120,4,1.0622636
1150,0,20,0,112,1,0,0,0,45,5,0.32885617
1151,0,38,0,55,1,0,1,0,120,5,-1.1379588
1152,0,37,1,200,1,0,1,1,30,1,1.0622636
1153,0,22,0,88,1,1,0,1,60,2,0.32885617
1154,0,72,0,67,1,1,0,0,60,3,-0.40455133
1155,0,21,0,25,1,0,0,0,120,5,-0.03784757
1156,0,26,0,25,1,0,1,1,75,3,1.0622636
1157,1,26,0,25,1,0,1,1,45,3,0.32885617
1158,1,20,1,67,0,0,0,0,120,4,-2.23807
1159,0,34,1,67,1,0,0,1,120,4,0.69555992
1160,0,25,0,88,0,0,1,0,120,4,0.32885617
1161,1,22,1,200,1,1,0,0,45,4,1.4289674
1162,0,23,1,55,0,0,0,0,90,2,1.0622636
1163,0,39,1,112,0,1,0,1,120,4,-1.1379588
1164,0,19,1,55,0,0,1,0,70,4,0.69555992
1165,0,22,1,25,1,0,0,0,120,4,-0.40455133
1166,1,26,1,35,1,0,1,1,45,3,-0.40455133
1167,0,20,1,200,1,0,1,0,30,5,1.4289674
1168,0,23,0,35,0,0,1,0,120,3,1.4289674
1169,0,57,1,200,1,0,0,1,30,3,-0.03784757
1170,1,23,1,88,1,0,1,1,45,5,-1.1379588
1171,0,61,0,45,1,0,0,1,120,4,-1.5046625
1172,0,24,1,35,0,0,0,0,20,3,1.0622636
1173,0,30,1,55,0,0,1,1,120,5,1.4289674
1174,0,46,1,5,1,0,1,0,120,2,-2.23807
1175,0,42,1,15,1,0,0,0,60,4,0.69555992
1176,0,23,1,112,1,0,0,0,25,2,0.32885617
1177,1,19,1,45,0,0,0,0,60,3,0.69555992
1178,0,26,1,55,0,0,0,1,120,4,0.32885617
1179,0,33,1,112,1,0,0,1,45,3,0.32885617
1180,1,19,0,25,0,0,1,0,60,4,-0.40455133
1181,1,40,0,15,1,0,0,1,45,5,1.0622636
1182,1,36,1,55,1,0,1,1,40,4,-0.40455133
1183,0,19,0,25,0,0,1,0,30,3,0.69555992
1184,1,21,0,67,0,0,1,0,120,4,1.0622636
1185,0,64,0,200,1,0,1,1,120,3,-1.5046625
1186,0,19,0,25,0,0,1,0,120,5,-0.77125508
1187,0,28,1,112,1,0,1,1,65,3,1.0622636
1188,1,64,1,35,1,0,0,0,60,2,-0.03784757
1189,1,55,0,200,1,0,1,1,120,2,0.32885617
1190,0,27,1,88,1,0,1,1,60,3,1.0622636
1191,0,26,1,25,1,0,0,1,120,5,0.32885617
1192,0,43,1,25,0,0,1,0,120,4,-1.5046625
1193,1,28,0,55,1,0,0,1,60,3,0.32885617
1194,1,20,1,200,0,0,0,0,120,2,-1.1379588
1195,1,28,1,55,0,0,1,1,60,2,0.69555992
1196,0,28,1,25,1,0,0,0,120,4,-0.03784757
1197,0,26,1,15,1,1,0,0,45,5,-1.1379588
1198,0,24,1,55,1,0,1,1,120,3,-0.03784757
1199,0,20,1,88,1,0,0,0,30,4,0.32885617
1200,1,33,0,55,0,0,0,0,120,4,-2.23807
1201,0,30,1,55,1,0,0,1,120,4,1.0622636
1202,0,45,0,35,1,0,0,0,120,3,-1.5046625
1203,0,25,0,25,1,0,0,1,40,3,1.0622636
1204,0,25,1,25,1,0,1,1,60,4,0.69555992
1205,1,22,1,15,1,0,0,0,60,4,0.32885617
1206,1,31,1,67,1,0,0,1,120,5,1.0622636
1207,0,31,1,112,1,0,0,1,120,3,0.69555992
1208,1,23,1,35,1,0,1,1,120,5,1.4289674
1209,0,26,0,88,1,1,0,0,120,4,-1.1379588
1210,1,25,0,15,1,0,1,0,120,4,-1.1379588
1211,0,36,1,55,1,0,0,1,120,5,0.69555992
1212,0,19,1,67,1,0,1,0,100,4,-0.77125508
1213,0,50,0,67,1,0,1,0,120,4,-0.77125508
1214,0,19,1,112,0,0,0,0,90,4,1.0622636
1215,1,25,1,25,1,0,0,0,55,3,1.0622636
1216,1,34,1,55,1,0,0,1,45,4,1.0622636
1217,0,54,0,112,1,0,1,1,30,4,0.69555992
1218,1,30,1,88,1,0,0,0,120,4,-0.03784757
1219,0,39,1,138,0,0,0,0,60,3,0.32885617
1220,1,39,0,112,1,0,1,1,120,1,1.4289674
1221,1,24,0,35,1,0,0,0,120,3,-0.77125508
1222,0,52,1,88,1,0,0,0,120,3,0.69555992
1223,1,54,0,88,1,0,1,0,120,5,-0.40455133
1224,0,48,0,25,0,0,0,0,60,4,-1.1379588
1225,1,63,0,25,1,1,0,0,120,5,-2.23807
1226,0,25,1,15,1,0,1,1,60,4,-1.1379588
1227,0,21,0,55,0,0,1,0,30,2,1.0622636
1228,1,68,0,88,1,0,1,1,80,2,1.0622636
1229,1,31,1,15,1,0,0,0,120,3,0.69555992
1230,0,23,0,5,1,0,0,0,60,1,1.0622636
1231,1,26,1,5,0,0,0,1,60,2,1.0622636
1232,0,35,1,25,0,0,0,0,120,4,-1.5046625
1233,0,49,1,45,0,0,1,0,45,4,1.0622636
1234,0,40,0,112,1,0,0,1,45,4,0.69555992
1235,0,26,1,67,0,0,1,1,30,3,0.69555992
1236,0,24,1,67,1,0,0,1,50,5,0.69555992
1237,0,26,0,67,0,0,1,1,60,4,0.32885617
1238,1,19,1,112,0,0,0,0,30,3,0.69555992
1239,1,19,0,25,0,0,0,0,120,5,-0.77125508
1240,0,54,0,88,1,0,1,0,75,3,-1.1379588
1241,0,19,0,67,0,0,0,0,30,2,0.69555992
1242,0,54,0,112,1,0,1,0,45,4,0.69555992
1243,0,28,1,55,1,0,1,1,45,3,0.69555992
1244,0,23,1,25,0,0,1,0,120,3,0.32885617
1245,0,59,0,112,1,1,0,0,30,4,1.0622636
1246,0,34,0,67,0,0,0,1,30,3,0.69555992
1247,1,20,0,45,1,1,0,0,90,3,0.69555992
1248,1,25,0,138,0,0,1,1,75,5,0.69555992
1249,0,41,1,88,0,0,1,1,70,3,0.69555992
1250,0,24,1,25,0,0,0,0,120,4,1.0622636
1251,0,41,0,67,0,0,1,1,75,2,0.69555992
1252,0,29,1,67,1,0,1,1,30,4,1.0622636
1253,0,22,1,15,1,0,1,1,90,2,0.69555992
1254,1,30,1,35,1,0,0,1,80,4,1.0622636
1255,0,46,1,67,1,0,0,1,30,4,-0.03784757
1256,0,21,1,35,1,0,1,0,120,4,-0.03784757
1257,1,31,0,67,1,0,1,1,60,3,1.0622636
1258,0,22,1,112,1,0,1,1,75,4,-1.8713663
1259,0,26,1,88,0,0,0,0,120,4,-0.03784757
1260,0,34,0,200,1,0,1,1,60,4,0.69555992
1261,1,24,1,45,0,0,0,1,60,2,1.4289674
1262,1,53,0,138,1,0,0,1,65,4,-0.77125508
1263,0,21,1,88,0,0,1,0,45,3,1.4289674
1264,0,51,1,15,1,0,0,0,120,5,-2.23807
1265,0,44,1,200,1,0,1,1,25,4,-1.1379588
1266,1,36,0,25,0,0,0,1,120,3,0.32885617
1267,1,34,1,55,1,0,1,1,75,3,0.69555992
1268,1,37,0,35,1,0,0,0,100,4,-1.1379588
1269,0,19,1,112,1,1,0,0,60,4,0.69555992
1270,1,46,0,88,1,0,0,1,30,2,1.0622636
1271,0,21,1,25,1,1,0,0,45,4,-1.5046625
1272,1,21,1,112,1,1,0,0,45,5,1.0622636
1273,0,23,1,35,1,0,0,0,120,4,-0.03784757
1274,1,24,1,35,1,0,1,1,45,1,1.4289674
1275,1,64,1,67,1,0,0,0,75,2,0.69555992
1276,0,21,1,88,1,0,1,0,30,1,-0.77125508
1277,1,20,0,55,0,0,1,0,25,3,1.4289674
1278,1,25,1,45,0,0,1,1,20,5,0.69555992
1279,1,46,0,112,0,0,0,1,30,5,1.4289674
1280,1,24,1,200,1,0,1,1,100,5,0.32885617
1281,1,50,0,25,0,0,1,0,120,5,-2.23807
1282,0,20,0,55,1,0,0,0,45,1,1.4289674
1283,0,23,1,112,1,0,1,1,60,3,1.0622636
1284,0,41,0,112,1,0,1,1,40,4,1.4289674
1285,0,33,1,67,1,0,0,0,45,4,1.0622636
1286,1,28,1,67,0,0,0,0,120,5,0.32885617
1287,0,25,0,15,1,0,1,1,60,4,0.69555992
1288,0,37,0,45,1,0,0,0,120,2,0.69555992
1289,0,26,0,55,1,1,0,1,30,2,0.32885617
1290,0,27,0,67,1,0,0,1,55,4,-0.03784757
1291,1,29,0,5,1,0,1,0,120,5,0.32885617
1292,0,54,0,15,1,0,0,0,120,1,-1.8713663
1293,1,20,0,112,1,0,0,0,45,4,-0.03784757
1294,1,51,0,15,1,0,1,0,120,3,-2.23807
1295,0,38,0,25,1,0,0,1,30,2,-1.5046625
1296,0,46,1,88,1,0,0,1,45,4,0.69555992
1297,0,19,0,35,1,0,0,0,120,5,0.69555992
1298,1,58,0,88,1,0,0,1,30,4,-0.03784757
1299,1,28,0,45,1,0,1,0,120,5,0.69555992
1300,0,25,1,5,0,0,0,1,60,4,1.4289674
1301,0,28,1,45,1,0,1,0,60,2,0.69555992
1302,0,67,1,35,0,0,0,0,120,3,-1.5046625
1303,1,30,0,15,1,0,0,1,120,4,-0.40455133
1304,0,20,0,112,1,0,0,0,45,4,0.32885617
1305,0,39,1,45,1,0,0,0,120,4,0.32885617
1306,0,26,1,45,1,0,1,1,60,4,-0.03784757
1307,0,19,0,200,0,0,0,0,120,4,-1.1379588
1308,1,26,1,112,0,0,1,1,20,3,1.0622636
1309,1,28,1,112,1,0,0,1,60,2,1.0622636
1310,1,22,1,35,1,0,1,1,40,4,0.69555992
1311,0,27,1,112,1,0,1,1,30,4,1.4289674
1312,1,25,0,67,0,0,1,1,30,4,-0.40455133
1313,0,57,0,88,1,0,0,0,120,2,-0.03784757
1314,0,25,0,67,0,0,1,0,90,4,-0.77125508
1315,1,26,1,112,1,0,0,0,80,4,1.0622636
1316,0,25,1,55,1,0,1,1,30,2,1.4289674
1317,0,33,1,67,0,0,1,1,90,3,-0.03784757
1318,1,23,1,138,0,0,0,0,120,4,0.69555992
1319,0,50,0,138,1,1,0,1,120,5,0.69555992
1320,0,30,1,200,1,0,1,1,45,2,-0.03784757
1321,1,42,1,138,1,0,1,1,90,4,1.0622636
1322,1,20,1,5,1,0,1,0,80,4,0.32885617
1323,0,24,0,25,1,0,0,1,30,4,0.69555992
1324,0,61,0,45,1,0,1,1,120,5,-1.1379588
1325,0,46,0,88,0,0,1,1,60,4,-1.5046625
1326,0,24,1,45,0,0,0,1,120,4,0.32885617
1327,0,21,0,67,1,0,0,0,45,2,0.32885617
1328,0,48,0,112,1,0,1,1,120,3,-0.40455133
1329,0,45,1,67,0,0,0,0,25,3,-0.03784757
1330,0,19,1,88,0,0,1,0,20,4,1.4289674
1331,0,21,1,200,1,1,0,0,60,2,1.4289674
1332,1,24,1,67,1,0,0,1,20,2,1.0622636
1333,0,47,0,67,1,0,1,1,30,3,-0.40455133
1334,1,33,0,88,1,0,0,0,60,2,1.4289674
1335,1,66,0,200,1,0,1,1,90,5,0.32885617
1336,0,35,1,112,1,0,0,1,120,5,0.32885617
1337,1,59,0,112,1,0,0,1,90,5,-0.77125508
1338,1,52,0,45,0,0,0,1,45,4,0.32885617
1339,1,46,0,55,1,1,0,1,120,3,-2.23807
1340,1,22,0,67,1,0,0,0,35,4,0.69555992
1341,0,32,1,67,1,0,0,1,30,3,1.0622636
1342,0,46,0,88,1,0,1,0,120,4,-0.77125508
1343,0,23,0,112,1,0,0,1,120,2,0.32885617
1344,0,43,1,45,1,0,0,0,60,2,0.69555992
1345,0,24,1,67,1,1,0,1,90,1,0.32885617
1346,0,36,1,200,1,0,1,1,100,4,1.0622636
1347,0,39,1,55,1,0,1,1,60,1,0.32885617
1348,1,50,0,88,1,0,0,1,60,4,-1.1379588
1349,1,34,0,45,0,1,0,0,120,5,-0.40455133
1350,0,27,1,112,1,0,1,0,45,5,1.4289674
1351,1,54,1,138,0,0,1,1,30,3,0.32885617
1352,0,23,0,88,1,0,1,1,45,3,0.69555992
1353,1,48,1,25,0,0,1,0,120,4,0.32885617
1354,0,40,1,88,1,0,1,1,60,3,0.32885617
1355,0,37,1,67,1,0,1,1,120,5,-2.23807
1356,0,33,0,55,1,0,0,0,120,3,-1.5046625
1357,1,27,1,55,1,0,0,1,45,2,0.69555992
1358,0,21,1,138,1,0,1,0,60,4,-0.03784757
1359,1,34,1,88,1,0,0,1,30,3,-1.1379588
1360,1,60,0,15,1,1,0,0,120,5,-0.40455133
1361,0,22,1,112,1,0,0,0,60,3,1.0622636
1362,0,28,0,5,1,0,1,0,120,5,-1.5046625
1363,0,29,1,25,1,0,0,0,120,5,-2.23807
1364,0,52,0,200,1,1,0,0,60,3,1.4289674
1365,0,22,0,5,1,0,0,0,120,5,-1.1379588
1366,0,22,1,88,0,0,1,0,20,3,1.0622636
1367,0,54,0,88,1,0,0,1,120,4,-0.77125508
1368,0,23,0,25,1,0,1,0,40,5,-1.8713663
1369,0,56,1,55,1,0,0,1,120,5,-1.5046625
1370,1,30,0,15,0,0,0,0,120,4,0.32885617
1371,0,23,1,200,0,0,0,1,25,3,1.4289674
1372,1,22,0,15,1,1,0,0,90,5,0.69555992
1373,1,25,0,25,1,0,1,1,30,3,1.4289674
1374,0,29,0,15,1,0,0,0,120,4,-1.1379588
1375,0,23,1,15,1,0,0,0,45,4,-1.1379588
1376,0,22,0,5,1,0,0,0,60,4,0.32885617
1377,1,25,0,55,0,0,0,1,20,4,0.69555992
1378,1,60,1,55,1,0,0,1,120,3,-1.1379588
1379,0,28,1,15,0,0,0,0,120,4,-1.8713663
1380,1,39,0,15,0,0,0,0,120,4,0.32885617
1381,1,24,1,200,1,0,0,1,20,2,1.4289674
1382,0,33,0,67,1,0,0,0,60,1,-2.23807
1383,0,22,0,200,0,0,1,1,20,3,1.0622636
1384,0,26,1,35,1,0,0,1,60,3,0.69555992
1385,0,28,1,138,1,0,1,1,30,4,0.69555992
1386,1,52,1,200,1,1,0,1,45,1,0.32885617
1387,1,33,1,112,1,0,0,1,120,4,-0.77125508
1388,1,30,0,5,1,0,0,0,120,2,-1.1379588
1389,0,29,0,25,1,1,0,0,120,2,0.32885617
1390,0,50,0,67,1,1,0,0,120,4,-0.40455133
1391,0,22,0,67,1,0,0,0,120,5,0.32885617
1392,0,30,1,67,0,0,1,1,28,3,1.0622636
1393,0,30,1,35,1,0,0,0,120,4,-1.8713663
1394,1,22,1,55,1,0,1,0,120,4,0.69555992
1395,0,36,0,88,0,0,0,1,120,2,0.32885617
1396,0,26,1,67,0,0,1,1,120,4,0.32885617
1397,1,49,0,67,1,0,0,1,30,2,-1.8713663
1398,0,60,0,55,1,1,0,1,60,3,0.32885617
1399,0,22,1,138,0,1,0,0,120,3,1.0622636
1400,0,32,0,112,1,1,0,1,65,1,-0.77125508
1401,0,31,1,67,1,0,1,1,70,3,0.32885617
1402,0,51,0,35,1,0,1,0,120,5,0.69555992
1403,1,31,1,88,1,0,1,1,50,2,0.69555992
1404,1,43,0,88,0,0,1,0,120,5,-1.5046625
1405,0,28,0,67,1,0,1,1,60,3,0.69555992
1406,0,40,0,55,1,0,1,1,45,3,0.32885617
1407,1,37,1,5,1,0,1,0,30,2,-0.40455133
1408,0,60,0,35,1,0,1,0,120,4,-1.1379588
1409,0,27,1,67,1,1,0,1,45,3,1.0622636
1410,0,26,1,25,1,0,0,1,20,3,0.69555992
1411,0,28,1,67,1,0,0,0,120,2,0.69555992
1412,0,21,1,200,1,0,1,0,45,5,1.0622636
1413,0,33,1,112,1,0,0,0,30,3,1.4289674
1414,0,39,1,15,1,0,0,0,120,5,-1.5046625
1415,1,27,0,67,1,0,1,0,30,5,-0.77125508
1416,0,27,1,15,1,0,1,1,60,3,0.32885617
1417,1,32,1,5,0,0,0,0,120,1,-0.40455133
1418,0,28,1,15,1,0,1,0,120,4,-1.1379588
1419,1,23,1,25,0,0,1,0,45,3,1.0622636
1420,0,53,0,45,1,0,1,1,30,4,0.32885617
1421,0,27,1,88,1,0,1,1,120,4,0.69555992
1422,0,44,0,112,1,0,1,0,120,3,0.32885617
1423,1,19,0,15,0,0,1,0,120,5,0.32885617
1424,1,19,0,55,1,0,0,0,30,3,1.0622636
1425,1,47,0,88,1,0,0,1,30,2,1.4289674
1426,1,20,0,200,1,0,1,0,60,3,0.69555992
1427,0,46,0,67,1,0,0,1,120,4,0.69555992
1428,1,62,0,200,1,0,0,1,25,1,0.32885617
1429,1,20,1,138,0,0,0,0,30,2,0.69555992
1430,0,60,0,35,1,0,1,0,60,4,-0.77125508
1431,0,22,1,25,1,0,0,1,30,3,1.4289674
1432,0,51,1,200,1,0,0,0,30,4,0.32885617
1433,1,21,1,35,0,0,0,1,60,4,-0.40455133
1434,1,22,1,35,0,0,0,0,60,4,0.32885617
1435,0,25,1,5,1,0,0,0,60,4,0.69555992
1436,1,40,1,112,1,1,0,1,60,5,-0.03784757
1437,0,59,0,25,1,0,1,1,120,4,-1.5046625
1438,1,23,1,138,0,0,1,1,50,5,1.4289674
1439,1,38,1,35,1,0,0,0,120,4,-0.40455133
1440,0,39,0,138,1,1,0,1,60,4,-0.77125508
1441,0,60,1,112,1,0,1,1,45,3,-1.1379588
1442,1,32,0,200,0,1,0,1,20,2,1.4289674
1443,0,26,1,88,0,0,1,1,45,3,1.4289674
1444,0,21,0,200,0,0,0,1,30,3,0.69555992
1445,1,25,0,138,0,0,0,0,120,2,-0.40455133
1446,0,26,1,88,1,0,0,1,20,3,0.69555992
1447,0,27,1,67,1,0,1,0,30,5,1.4289674
1448,1,25,0,55,0,0,1,1,100,4,0.69555992
1449,0,19,1,55,0,0,0,0,60,5,-0.03784757
1450,0,51,0,67,1,1,0,0,60,5,-0.40455133
1451,1,31,0,45,1,0,1,0,120,3,-0.40455133
1452,0,34,0,200,0,1,0,1,120,3,0.32885617
1453,1,26,1,200,0,0,0,1,60,4,1.4289674
1454,1,47,0,112,1,0,1,1,80,4,-1.1379588
1455,0,45,0,88,1,0,1,0,30,4,-1.1379588
1456,1,33,1,45,0,0,0,0,100,5,-2.23807
1457,0,20,1,15,0,0,0,0,28,1,1.0622636
1458,0,22,1,55,1,0,1,0,25,3,1.0622636
1459,1,38,0,112,1,1,0,1,90,4,-0.03784757
1460,1,35,1,35,1,1,0,1,60,3,-0.77125508
1461,0,38,0,200,1,0,1,1,20,5,1.4289674
1462,0,27,0,55,1,0,1,1,30,3,0.69555992
1463,0,24,1,88,1,1,0,1,20,2,1.0622636
1464,0,23,1,25,1,0,0,1,60,5,1.4289674
1465,0,66,0,15,0,0,1,0,120,5,1.0622636
1466,0,31,0,112,1,0,0,1,45,4,0.69555992
1467,1,61,1,200,1,0,0,1,45,5,1.4289674
1468,0,27,0,112,0,0,1,0,120,4,-1.5046625
1469,0,25,1,35,1,0,0,1,30,4,0.69555992
1470,0,23,1,200,1,1,0,1,120,4,-1.1379588
1471,1,29,1,88,1,0,1,1,60,2,0.69555992
1472,1,33,1,67,1,0,0,1,60,2,0.69555992
1473,1,31,0,45,0,0,1,0,120,5,-1.1379588
1474,0,34,1,35,1,0,1,0,90,2,0.32885617
1475,1,22,1,55,1,0,0,1,120,5,-0.40455133
1476,0,26,1,25,1,0,0,1,90,4,0.69555992
1477,0,48,1,35,1,0,0,0,45,3,0.69555992
1478,1,19,1,45,0,0,1,0,120,5,1.4289674
1479,0,32,0,55,1,1,0,0,60,4,-2.23807
1480,0,24,1,112,0,0,1,1,120,3,-0.40455133
1481,0,19,1,112,1,0,1,0,35,4,1.4289674
1482,0,26,1,88,1,1,0,1,20,5,0.69555992
1483,1,19,1,45,0,1,0,0,100,4,-0.77125508
1484,0,30,0,15,1,0,0,0,120,3,-0.03784757
1485,1,43,0,88,1,0,0,0,120,5,-0.40455133
1486,0,57,0,55,0,0,0,1,90,3,-1.1379588
1487,1,29,1,5,1,0,0,1,45,2,0.69555992
1488,1,21,1,112,0,0,0,0,120,3,0.32885617
1489,1,21,1,25,1,0,1,0,30,3,1.0622636
1490,1,43,0,112,0,1,0,0,120,2,-1.8713663
1491,1,29,1,88,1,0,0,1,60,4,0.69555992
1492,0,24,0,15,1,0,0,1,120,4,0.69555992
1493,0,34,1,67,1,0,1,0,120,2,0.69555992
1494,0,29,1,45,0,0,1,0,120,3,0.32885617
1495,0,19,0,67,1,0,0,0,60,3,0.69555992
1496,1,62,1,25,1,0,0,0,60,2,0.69555992
1497,1,43,0,55,1,0,1,0,120,5,0.69555992
1498,0,32,1,55,0,0,1,1,90,3,-0.77125508
1499,1,31,1,112,1,1,0,1,60,4,0.69555992
1500,1,23,1,55,1,0,1,1,40,5,0.32885617
1501,0,32,1,88,1,0,0,1,60,2,0.69555992
1502,0,39,1,88,0,1,0,1,120,4,-0.77125508
1503,0,20,1,88,1,0,0,0,45,3,0.69555992
1504,0,25,1,67,0,0,0,1,120,4,1.0622636
1505,1,27,0,5,0,0,0,0,120,3,-1.1379588
1506,1,25,1,55,0,0,1,0,60,4,-0.40455133
1507,0,53,0,35,1,0,0,1,120,4,-0.77125508
1508,1,24,1,35,0,0,1,1,60,4,0.69555992
1509,0,21,0,88,1,0,0,0,120,4,1.4289674
1510,0,36,1,200,1,0,0,1,120,4,-1.5046625
1511,0,21,1,88,1,0,0,0,30,2,1.0622636
1512,0,28,1,25,1,0,1,1,60,2,1.4289674
1513,1,23,1,112,0,0,1,1,70,5,1.0622636
1514,0,29,1,35,0,0,1,1,60,2,0.69555992
1515,1,38,1,112,1,1,0,1,30,4,0.69555992
1516,0,38,1,55,1,0,1,1,120,2,1.0622636
1517,0,21,0,15,1,1,0,0,100,4,1.0622636
1518,0,39,1,112,0,0,0,1,40,4,0.69555992
1519,0,26,1,200,1,0,0,1,120,4,-2.23807
1520,1,20,0,35,1,1,0,0,120,4,-0.40455133
1521,0,30,0,35,0,0,0,0,120,5,0.32885617
1522,1,51,0,25,1,0,0,1,90,1,-1.1379588
1523,1,22,1,45,1,0,0,1,120,4,0.69555992
1524,1,47,0,112,1,0,1,1,100,5,-0.40455133
1525,0,28,1,25,0,0,1,1,120,3,0.32885617
1526,0,25,1,55,1,0,0,1,120,3,1.0622636
1527,1,22,0,35,1,0,1,1,120,2,0.69555992
1528,1,25,1,88,1,0,0,0,120,4,0.32885617
1529,0,31,1,15,1,0,1,1,60,3,0.69555992
1530,0,26,0,25,0,0,1,0,90,2,0.69555992
1531,0,43,0,88,1,0,1,1,70,4,0.69555992
1532,0,27,0,35,1,0,0,0,120,3,-0.03784757
1533,0,27,0,55,1,0,1,1,120,2,-0.40455133
1534,0,28,1,25,0,0,1,1,60,5,1.0622636
1535,1,41,0,67,0,0,1,1,30,1,-0.40455133
1536,1,25,1,88,1,0,0,1,25,4,-0.40455133
1537,0,25,1,200,1,0,1,1,120,5,1.0622636
1538,0,21,1,55,1,0,1,0,30,4,1.4289674
1539,0,44,1,55,1,0,1,1,75,3,1.4289674
1540,1,38,0,138,1,0,1,1,120,4,1.0622636
1541,1,25,0,25,0,0,0,1,80,4,0.69555992
1542,1,26,1,15,0,0,1,0,120,5,-0.40455133
1543,0,25,1,25,1,0,1,1,45,3,1.0622636
1544,0,22,1,25,0,0,1,1,100,3,0.69555992
1545,0,52,0,25,1,1,0,0,120,5,-1.8713663
1546,0,20,0,67,0,0,1,0,120,4,1.0622636
1547,0,55,0,67,1,0,0,1,60,4,-0.40455133
1548,0,26,0,25,1,0,1,1,45,4,0.69555992
1549,0,19,1,112,0,0,1,0,120,4,0.32885617
1550,0,41,1,200,1,0,0,1,30,3,1.4289674
1551,1,22,1,25,0,0,0,0,30,5,-0.40455133
1552,0,55,0,67,1,0,0,1,60,4,-0.40455133
1553,0,49,1,112,1,1,0,0,60,3,0.69555992
1554,1,35,0,55,1,0,0,0,30,5,0.32885617
1555,0,33,0,67,1,0,1,0,30,3,-0.77125508
1556,0,28,0,25,1,0,0,1,30,4,0.69555992
1557,0,42,0,200,1,0,0,0,90,4,-1.5046625
1558,1,33,1,138,1,0,0,1,30,2,0.69555992
1559,0,21,1,88,1,0,1,1,60,3,-1.1379588
1560,0,27,1,45,1,0,0,0,35,4,0.32885617
1561,0,22,1,15,1,0,0,1,90,4,1.4289674
1562,1,22,1,112,0,0,0,1,30,5,0.32885617
1563,0,37,1,112,1,0,1,1,30,4,0.32885617
1564,1,24,0,88,0,0,1,1,80,1,-0.03784757
1565,0,24,0,45,0,0,1,1,90,3,0.69555992
1566,0,30,1,25,1,0,0,0,90,3,0.69555992
1567,0,19,0,67,1,0,1,0,20,3,1.0622636
1568,0,19,0,112,0,0,1,0,120,1,0.69555992
1569,1,22,1,35,1,1,0,1,120,4,0.69555992
1570,0,48,0,5,1,0,1,1,120,3,0.69555992
1571,1,27,0,67,0,0,1,0,80,5,-1.8713663
1572,0,19,1,35,0,0,0,0,45,3,0.69555992
1573,0,42,0,88,1,0,0,1,40,2,0.32885617
1574,1,21,1,5,0,0,1,0,35,1,1.0622636
1575,0,31,0,35,1,1,0,0,45,3,1.0622636
1576,1,33,0,112,1,0,1,0,100,4,-0.03784757
1577,0,30,1,112,1,1,0,1,120,3,1.0622636
1578,0,21,0,67,1,0,1,0,30,1,1.0622636
1579,1,19,1,5,1,0,1,0,80,5,-0.03784757
1580,0,41,1,200,0,0,0,1,75,5,-0.03784757
1581,1,26,1,88,1,1,0,1,120,5,-1.8713663
1582,0,22,0,25,1,0,0,1,120,5,0.32885617
1583,1,29,0,25,1,0,1,0,120,4,-0.77125508
1584,0,43,1,138,1,1,0,1,120,3,0.69555992
1585,0,54,0,138,1,0,1,1,90,4,-0.77125508
1586,0,22,0,67,0,0,0,0,90,2,-0.03784757
1587,1,19,1,88,0,0,0,0,120,3,-1.5046625
1588,0,35,0,15,1,0,1,0,120,4,0.69555992
1589,1,21,1,67,0,0,0,0,60,4,1.0622636
1590,0,25,0,15,0,0,0,0,120,3,0.32885617
1591,0,19,1,88,1,0,1,0,45,3,1.4289674
1592,0,43,0,88,1,0,1,1,60,3,-0.77125508
1593,0,20,1,25,0,1,0,0,60,4,0.69555992
1594,0,53,0,112,1,0,1,1,120,4,0.32885617
1595,0,55,0,55,1,0,1,1,120,5,-0.77125508
1596,0,28,0,5,1,1,0,0,70,3,-0.03784757
1597,1,28,0,67,0,0,0,0,20,2,1.4289674
1598,0,32,0,25,1,0,0,0,120,2,0.32885617
1599,1,25,0,35,1,0,1,0,90,3,-0.77125508
1600,1,23,1,45,0,0,1,1,120,4,1.4289674
1601,0,44,0,88,1,0,0,1,45,3,0.32885617
1602,0,33,1,112,1,0,0,1,40,2,1.0622636
1603,0,20,1,67,1,0,0,0,30,3,1.0622636
1604,0,19,1,45,1,0,1,0,120,5,-0.77125508
1605,0,21,0,55,0,0,0,0,90,5,1.4289674
1606,0,22,1,138,0,0,0,1,40,3,0.69555992
1607,0,26,1,200,0,0,0,1,60,3,1.0622636
1608,0,27,1,112,0,0,1,1,120,2,1.0622636
1609,0,32,0,67,1,0,1,1,120,5,-0.03784757
1610,0,36,0,88,1,0,1,0,60,3,1.0622636
1611,0,42,1,112,1,0,0,1,47,3,0.69555992
1612,1,19,1,15,0,0,1,0,88,5,-2.23807
1613,0,57,0,112,1,0,0,1,60,5,-0.40455133
1614,1,28,1,200,0,0,1,1,60,3,1.0622636
1615,1,27,1,35,1,1,0,1,120,4,-1.5046625
1616,0,20,1,200,1,0,1,0,60,3,1.4289674
1617,0,31,1,45,1,0,0,1,30,3,0.69555992
1618,0,33,1,55,1,0,0,1,30,2,0.32885617
1619,0,20,0,35,1,1,0,0,60,4,0.69555992
1620,0,29,1,138,0,1,0,1,120,3,-1.1379588
1621,1,22,1,200,0,0,1,0,60,5,-1.5046625
1622,0,50,0,35,0,0,1,0,80,5,-0.40455133
1623,0,39,1,25,1,0,0,0,120,3,0.32885617
1624,0,32,1,88,0,0,0,1,120,2,1.0622636
1625,0,26,1,25,1,1,0,0,90,1,0.32885617
1626,1,39,1,45,1,0,0,1,120,4,-1.1379588
1627,1,22,1,15,0,0,1,0,30,4,0.32885617
1628,0,20,1,67,1,1,0,0,30,1,0.69555992
1629,1,39,0,67,1,0,0,1,120,4,-0.03784757
1630,0,50,0,45,0,1,0,0,90,5,-0.40455133
1631,0,36,1,200,1,1,0,1,30,4,-0.03784757
1632,0,46,0,112,1,0,1,1,90,3,0.69555992
1633,0,45,1,200,1,0,0,1,45,4,0.69555992
1634,0,23,1,67,1,0,0,0,45,5,-1.1379588
1635,1,43,1,112,0,0,0,1,60,5,0.32885617
1636,0,50,0,88,1,0,0,1,120,4,-0.03784757
1637,0,24,1,200,1,0,1,0,60,5,0.32885617
1638,0,38,0,200,1,0,0,1,30,5,1.0622636
1639,0,26,1,112,1,0,0,1,40,3,0.69555992
1640,0,25,0,67,0,0,0,0,120,5,-2.23807
1641,1,26,1,35,0,0,0,0,120,4,-2.23807
1642,0,20,1,88,0,0,0,0,90,3,1.4289674
1643,0,28,0,25,1,1,0,0,120,5,-0.77125508
1644,0,42,0,5,1,0,0,0,45,2,-1.1379588
1645,1,60,1,35,1,0,0,0,30,3,0.69555992
1646,0,37,0,35,1,0,0,1,120,4,0.69555992
1647,1,23,0,25,1,1,0,1,60,5,0.69555992
1648,0,28,1,67,1,1,0,1,70,3,0.32885617
1649,0,22,0,45,0,0,1,0,20,2,1.4289674
1650,0,22,1,200,0,0,1,1,60,5,-1.5046625
1651,1,46,0,35,1,0,1,0,120,2,-0.77125508
1652,0,28,1,35,1,0,0,0,60,3,0.69555992
1653,1,34,1,55,0,0,1,0,120,5,-1.1379588
1654,0,19,1,88,0,0,1,0,60,4,0.69555992
1655,1,21,1,88,0,0,0,0,45,2,1.0622636
1656,0,47,0,200,1,0,1,1,60,5,-0.77125508
1657,0,25,0,88,0,0,0,1,30,3,1.0622636
1658,0,36,0,200,0,0,1,1,60,4,1.0622636
1659,0,39,0,138,1,0,1,1,20,3,-0.03784757
1660,0,19,1,35,0,0,0,0,40,3,-0.40455133
1661,0,27,1,67,1,0,1,1,120,3,-0.40455133