personid,perform_before,perform_during,wfh
3906,.1256486,.2828963,1
4122,-.013713,.7382376,1
4448,.4684172,.4715993,0
4942,.8741453,-.2537054,1
5018,-.3774435,-.6063684,1
5560,.9169114,1.332273,0
5614,.3534419,.427841,1
5784,-1.873163,-2.081949,0
6162,.5476847,.7458456,0
6278,-.0369222,-.1018174,0
6300,.2983671,-1.180526,0
6342,-.0230778,-.4497562,0
6344,.4247571,1.439786,0
6362,.655319,-.6200626,0
6364,1.364068,-.1594841,0
7068,.2337248,-.9851999,0
7076,.0143674,.2719705,0
7132,-.1943591,-.4057763,0
7184,1.568261,1.091888,0
7454,-.2370989,-.4761783,0
7488,.4721896,1.249336,1
7720,-.6893311,-.446455,0
8522,.2511511,.0481023,0
8834,.319523,.8404877,0
8854,.63532,.9637687,1
8980,-.0120854,-1.132902,1
9070,.863199,1.187938,0
9106,-1.37514,-1.375567,0
9460,1.244669,.4198169,0
9710,-.7237798,-.0594288,0
10024,.3861603,.4509459,0
10098,.0685227,-1.067897,0
10226,-.2704598,-.189985,1
10356,.2383354,.1663083,1
10450,-1.15782,-1.678705,0
10794,1.025616,1.116121,1
10822,.6225773,1.27439,1
10868,-2.142319,-.593384,0
11348,-.8508105,-.8844313,0
11362,.4502725,-.6124226,0
11390,.8899115,.5405186,0
11582,-.4291855,-.8396944,0
11814,.9992754,.8683569,0
11868,.0987688,-.4645266,1
11896,1.081464,-1.457438,0
12150,-.1023395,-1.906749,0
12306,-.8695194,-.9416881,0
12350,.9639576,.6966296,0
12426,-.6965734,-3.030936,0
12896,.3420722,.211594,0
12974,.0153043,.391575,1
13056,-1.877564,-1.047707,0
13118,-.6976118,-1.753016,0
13484,-.1530774,-1.421731,0
13486,-2.349872,-2.17836,0
13530,-.2204403,-.0472762,1
13574,1.481861,2.205483,1
13710,.3352646,.0371818,0
13980,.7860743,.7317579,0
14048,.5902871,.2928593,1
14220,.8658172,.6541572,0
14266,.1761616,-.2992718,0
14374,-.0406719,-.0905544,0
14382,.6985589,.9568167,0
14384,.0474832,.2237121,0
14522,-.9680398,-.779422,1
14528,.2453905,.7641863,1
14532,.266068,.5364042,1
14556,1.088462,1.153363,0
14678,-1.058766,.149009,1
14682,-.7465399,-.6886135,0
14724,1.875928,1.003992,0
14926,.9953109,.6386331,0
15294,.5519281,1.085644,1
15444,.0797753,-.0593808,0
15452,-.1045147,.1418556,0
15704,-.2837419,-.0714897,0
15862,-1.202698,-1.278791,0
16104,-.6114589,-1.644846,0
16334,.9227025,-.6424909,0
16422,-.6939404,-1.627439,0
16424,.048253,-.5646988,0
16514,-.2257426,.1174883,1
16518,1.295154,-.5921539,0
16594,.7136149,.2002901,0
16596,1.071175,.6691174,1
16654,-.2821423,-.5316575,0
16806,-.8337494,-1.500944,0
16812,-.3194728,-.1215509,0
17014,.0689621,-1.569831,0
17058,-.8550746,-.7340892,0
17160,.4255395,.3091235,0
17166,.0047288,.2723826,0
17172,.3721484,-.6907181,0
17274,.4383534,-.1320228,0
17386,-.9386629,-1.206075,0
17668,-1.037562,-1.31467,0
17714,-.1123314,-.9532507,0
17722,-1.059512,-1.285386,1
17752,.4747223,.3567022,1
17812,-.2109406,-.4071736,0
17906,-.7813374,.2682531,1
17908,-1.364995,-1.431071,0
17926,.3833382,-.5688593,0
18112,-.0939667,.3803627,1
18494,-.5130111,-.4034179,0
18502,-.7029383,-.2914467,0
18634,.1237855,.1086332,0
18776,1.058868,1.515448,0
18786,-.3257746,-.7301084,0
19012,-.0100319,-.4712845,0
19028,.9226779,.3498944,0
19140,.0235297,.8087318,0
19144,.4721043,-1.051082,0
19146,.6131056,-.4273773,0
19266,.75951,.8129625,0
19470,.0165248,.5112212,0
19482,-.0970509,-.9536363,1
19684,-.3554306,-.611383,0
20386,.4042065,-.7357901,0
21068,1.159643,.7447714,0
21126,-.5335373,-1.383793,0
21142,-.3527027,-1.646542,0
21472,.3825409,-.7715247,0
21474,-.2742103,-.3627512,0
21604,-.1346189,.0591599,0
21614,-.2623236,-.6492345,0
21622,.0829092,-.3565692,0
21648,-.5908486,-.8731675,0
21654,.6030301,.8573285,1
21710,-.5285016,-.7477656,1
21746,.0448123,-.3193579,0
22022,.5881112,-.7132847,0
22130,-.846514,-1.548668,0
22140,-1.177378,-1.36237,0
22284,.6189065,.5056353,1
22290,-.2551242,-.4218462,0
22456,.3457043,-.603727,0
22706,.4685127,.5626726,0
22878,-.4700487,-.2709654,0
23126,1.15463,.6481251,0
23136,.0942622,-.1740742,1
23228,.7745526,1.216157,1
23516,-.2136829,-.2912408,0
23622,1.299095,1.571343,1
23686,-.3988772,-.2462,0
23742,-.6419302,-.7504801,0
23772,-.4106317,-.0423362,1
24142,1.174342,1.40308,1
24146,-.689933,-1.075454,0
24322,-1.416588,-1.251853,0
24324,-.270458,-1.286516,1
24328,.3110199,-.5966565,0
24340,.4481053,-1.241503,0
24608,-.6403441,-.3282756,1
25056,-.248364,-.2162955,0
25074,.319442,-1.227201,0
25084,-1.682387,-1.656367,0
25094,-.4078519,-.2437214,0
25258,-.1448222,-.1975632,0
25520,-.7828743,-.7363379,1
25532,-.4561434,-.3420373,1
25620,-.5612654,-1.087493,0
25622,.0474835,-.247332,0
25628,.7101959,.9872574,1
25638,.0184484,-.1187588,1
25700,-.7657317,-.7827912,1
25864,.5645007,.7863248,0
25940,.4783508,-.6881872,1
25962,-.2533319,-.3223833,1
26328,-1.243791,-1.045475,1
26618,-.7808129,-1.09953,1
26634,.3833014,-.0401626,0
26906,-.0168389,-1.163682,0
26934,.3370315,.7551172,1
27180,.7717952,-.1989156,0
27234,1.194993,.8651251,0
27540,-1.491983,-1.342692,0
27704,.4350153,.2459285,0
27772,-.2420891,.8978426,0
27844,-1.15616,-1.357907,0
28190,.0760946,-.3192815,0
28204,.4194443,-.5552643,0
28224,.0936588,-.055398,0
28226,-.9798193,-.8577412,1
28470,-.4979035,.4146339,1
28484,.1424527,.0638239,0
28492,-.9267278,-1.152762,1
28528,.8155836,.4968559,0
28560,.0848705,-1.421614,0
28656,-.6306608,-1.285248,0
29012,-.6230371,-1.016825,0
29024,-.7427984,-1.352031,0
29030,.1224783,-.6350077,0
29032,-.4048433,-.8130996,1
29172,.6355854,.5079225,0
29192,.7215059,.7051687,0
29216,.3714658,-.7327958,1
29218,.6524902,.0706979,0
29230,.53816,-.3909082,1
29240,-.3376111,-1.15881,0
29248,-.7964004,-.8886674,0
29558,.7517334,-1.185999,0
29594,.7350516,.3671779,0
29626,-.9254796,-1.572912,0
29746,.6654861,.2846079,0
29750,.0998843,-.4729579,0
29770,.1657384,-1.532117,0
29790,.1089609,-.6800748,0
29808,-.8523358,-.0000257,1
29838,-.5560032,-.7192456,0
29964,.1264521,-.4216152,0
29996,-.3249944,-.7022969,0
30002,-.3612972,-1.059389,0
30006,-.2527914,-.8718216,1
30014,.1473118,.0208065,1
30262,.5951926,-.1680637,0
30276,-.4032683,-.2014052,0
30308,.8003822,.5719499,1
30398,-.5332496,-.4146994,0
30448,-.4645049,-1.19633,1
30634,.387347,-1.136225,0
30972,-.6873196,-.3886404,1
31136,-.0980491,-.4657653,0
31150,.0920831,-.2476673,0
31206,-.1986703,-.3646541,0
31230,.1039641,-.765115,1
31292,.7918491,1.141245,1
31796,.7273031,-.5485646,1
31888,.9639436,.7554964,0
31922,.3256621,-.1598347,0
31936,-.2766256,-.170907,1
32320,.3495598,.0058247,0
32590,-.6204647,-1.481741,1
32804,-.2146294,-.5278938,0
33094,-1.240205,-1.307749,0
33128,-.2415117,-.150818,0
33278,-.3157631,-.1400779,0
33350,-.9163036,-.7784073,1
33352,-1.437374,-1.78726,0
33354,.359307,.0875684,0
33366,.3792847,-.5686489,0
33406,-.0923456,-1.045341,0
33410,-.150967,-.9976819,0
33874,-.0943425,-.4228391,0
34396,-1.447011,-1.145012,0
34526,-.436106,-1.027569,0
34890,-.5801046,-.620704,0
34956,-.5841376,-1.332749,0
35006,-.0760331,-.3818387,0
35344,.4494155,.8077641,1
35408,.494441,.0181378,0
35760,-.8278507,-1.220034,0
35822,-.7571065,-.8348526,0
36032,-.0572657,.1381395,1
36060,-.7615746,-.4164681,0
36288,.399302,-.1373352,0
36306,-.6017643,-.0735419,1
36314,.5181075,.6261615,0
36318,1.279939,1.015936,0
36494,-.6901062,-.7213289,1
36908,.3681956,.3903172,1
37276,-.0059642,-1.024036,0
37292,-.0090856,-.1742182,0
37294,-.0662721,.4712008,1
37296,-.1325578,-.5830244,1
37784,.360068,.0993044,1
37798,-.0642893,-.5801844,0
37804,-.1061869,-1.136237,1
37812,.3960644,-.0390859,0
37824,.3418739,-.0730819,0
37828,-.396975,-.4696903,0
37840,-.21268,-.3344446,1
38018,.0635058,-.7783679,1
38022,-.0685334,-.7021939,1
38024,-.1671094,.9468216,0
38028,1.214001,1.635123,1
38030,-.4110975,-1.023501,0
38034,-.5609048,-1.245308,0
38036,-.8480999,-1.690899,0
38038,-.0772586,-.3150709,1
38040,.139352,.1108866,1
38042,-.5090585,-.9414827,1
38046,-.4225259,-.6737165,0
38052,.0440156,-.0854328,1
38070,-.2194057,-.8491447,1
38074,.19166,-.5220673,0
38076,-.5068017,-.5446045,0
38290,-.0729016,.3104314,1
38552,-.4718052,-1.030661,0
38566,.2221888,.6470803,1
38580,.8025486,.876865,1
38712,.1066433,.3427917,1
38842,-.2296112,-2.605973,0
38862,-.2641704,-.5425682,0
38868,.107523,-.8220847,0
38870,-1.661627,-1.137693,0
38874,-.3538224,-.663431,0
38878,.6283792,.8285267,1
38888,-.0380441,-.120539,0
38896,-.5036049,-.5412353,0
38898,.1267211,.3709133,1
39048,.1902317,-.6931107,0
39094,-.3321635,-1.099483,0
39096,.2167713,.0222006,1
39098,-.0217363,-1.021649,0
39116,.4063326,.1999018,0
39136,-.4106549,-.5688139,0
39144,.2145498,.0954963,0
39164,-.2054256,-.0575236,0
39430,-.0269164,-.731977,0
39458,-.2947368,-.0995996,0
39466,-.1523309,-.2191744,0
39478,.1645773,-.5923643,0
39490,.5881421,.3505712,0
39500,-.3631925,-.7248447,0
39502,-.3812725,-.8861652,0
39512,.2240547,.2029064,1
39516,.3996033,.1074068,0
39524,-.0330978,-.6448549,0
39530,-.1795501,-1.346922,1
39540,1.122914,.0915641,0
39548,-.1051264,.0097517,1
39626,.3991517,.0843307,0
39634,1.551164,1.24336,1
39748,.3975597,.2443297,0
39754,-.1866402,-1.022216,0
39798,-.074847,-.8025407,0
39938,1.176701,-.0027853,0
39942,-.608797,.0437626,1
39972,.1630678,.2644052,0
39990,-.3177174,-.3464325,1
40008,.745678,-.1224232,0
40018,.017774,-.2423736,0
40034,.0821493,-.2348365,0
40062,.2300501,-.1362224,1
40076,-.3716129,-1.486162,0
40162,.1453227,-.0900845,0
40164,.5679427,-.2490054,1
40174,.0738382,-1.418024,0
40178,-1.456689,-1.200658,0
40192,.2455174,.2481602,1
40316,.1891457,.4843184,1
40318,.20649,-.3094342,0
40320,-1.130854,-1.189252,1
40322,.147504,.0127867,1
40328,.9261076,.1053586,1
40334,.3090879,.6068707,0
40336,-.5778066,-.8070272,0
40346,-.3788538,-1.471706,0
40444,.662192,.7067013,1
40456,.2619091,.1581939,0
40472,.4631469,.7366173,1
40490,-.0989068,-.1180412,1
41100,.1341616,.4971102,0
41156,.4230967,-.704799,0
41274,-.2219412,-.7161301,0
41278,-.1141394,-.5536925,0
41286,-.0412124,-.2232734,1
41304,-.5355574,-.6254838,0
41318,-1.232667,-.0129589,1
41320,-.3171842,-.6100563,1
41332,-.4220889,-1.593558,0
41334,-.254534,-.1912381,0
41340,-.2604155,.2990282,0
41344,-.3935646,-.4229672,0
41818,-.0875194,-.4292697,1
42096,-.36715,-2.133755,0
42098,-.0308016,-1.012252,0
42104,-.3351942,-.4960656,1
42108,.327063,.4471489,1
42112,-.1022941,.0987507,0
42140,-.0172199,.9758343,0
42146,-.0177748,.0152634,0
42152,.1911157,.0908473,0
42308,-.1768926,-.590012,1
42350,-.1150802,-.0123731,0
42584,-1.623733,-1.633145,0
42592,.0380214,-.2112653,1
42594,-.3284821,-.4029415,0
42618,-.979381,-1.071727,1
42624,.3466735,.6852777,1
42628,-.3744594,-.0388192,1
42632,.0785577,-.150944,0
42634,-1.010439,-.8216652,0
42682,.3614879,-3.014971,0
43254,-.0918574,1.127453,0
43258,-.8201579,-.640242,0
43264,-1.192137,-.7362108,1
43270,-.9827827,-1.068842,1
43278,-.3989113,-.1056864,1
43280,.1615875,.6293283,0
43286,-.0660753,-.0786629,1
43288,-1.095999,-1.48894,1
43500,.2941711,1.316907,0
43514,-1.178279,-1.2544,0
43520,-.4932391,-1.19767,0
43524,-.9622887,-.964696,0
43528,-1.464897,-1.785052,0
43534,-.6260247,-.1849664,1
43538,-.5521792,-1.022052,0
43542,-.2772952,-.7997749,0
43556,.2545418,-.7535911,0
43570,-.8854123,-.9342641,0
43926,-.6532614,-.6267514,1
43952,.0475652,-1.027453,0
44256,-.7687597,-.8029287,0
44266,-1.183859,-.7820183,1
44282,-.352974,-.2683027,0
44408,-.3494946,.4109419,1
44782,-.1558494,.0579037,1
44784,-.7723346,-.5125182,1
44794,-1.087347,-1.961498,0
44800,-.3714114,-.5404198,0
45238,-.0334879,.6949182,1
45254,-1.101898,-1.161011,0
45442,-.9924657,-1.022059,0
47274,-.8443582,-.4086439,0
103790,-1.471733,-1.605802,0
104004,-.1207848,-.5300515,0
104006,.18475,-.1518432,0
104018,.2063558,.0965671,0
104020,-.0586924,-.5001889,0
104026,-1.891583,-.047024,0
104028,-.4502499,-.2109563,0
104032,.0418418,-.4256581,0
104034,.3144813,-.2650087,0
104040,-.5089919,-.7912695,0
104042,-.4127929,-.8884014,0
104044,.3599933,-.308581,0
104046,-.1268166,-.2344927,0
104054,-.2608651,-.5138121,0
104058,-.025141,-.5488263,0
104066,-.2572018,-.7523063,0
104090,-.3241737,-.5047942,0
104092,-.4044396,-.2247002,0
104100,.1671839,-.2100078,0
104102,.2141369,.0705138,0
104104,.7183923,.171995,0
104106,-.3665511,-.1504465,0
104110,.5514144,.3952901,0
104112,.2873343,-.3614809,0
104124,-.1338066,-.7086949,0
104126,-.0182901,-.185375,0
104128,.0166346,-.1279801,0
104132,.2451926,.3748258,0
104134,.7519658,-.042775,0
104144,.3054577,.1582679,0
104160,.5184495,-.0875852,0
104176,.7464602,.0054332,0
104192,.4819372,-.4342884,0
104196,.3034827,.5845673,0
104198,.165566,.079214,0
104200,.2222482,-.090014,0
104208,-.5410619,-.5112488,0
104212,1.576732,2.794539,0
104214,.1607175,-.214338,0
104216,-.1835821,-.5062609,0
104222,-.0773362,-.494751,0
104224,.6829576,-.2085571,0
104226,-.1722484,-.1788798,0
104236,.8321272,.4709897,0
104238,.8249272,.3429456,0
104242,-.5137845,-1.043412,0
104244,.1580616,-.4294377,0
104250,-.7431515,-1.51659,0
104252,.7694323,.4874297,0
104254,.4643486,-.1793534,0
104256,-.2514353,-.4796219,0
104258,.1890852,-.4093594,0
104264,.2520223,.0509685,0
104268,.2736867,.5705022,0
104284,.3860833,.3924485,0
104292,.0671756,.2316362,0
104294,.4199597,.2695611,0
104296,.0550062,-.8165302,0
104300,.1544251,-.0627808,0
104304,.5167801,.381147,0
104310,.1440498,.0964004,0
104314,.3741354,-.3029897,0
104322,.3725377,.5007197,0
104326,.3039564,.298619,0
104328,.6283941,.6666033,0
104334,.4826856,.1812956,0
104350,-.2360279,-.2581802,0
104352,.0777329,-.5648926,0
104354,.6164041,.1925893,0
104356,.4748867,-.2595583,0
104362,1.058805,.493932,0
104366,-.154648,-.1766958,0
104368,.4722657,.2035898,0
104374,.4387612,.5725659,0
104376,.0431599,-.3173353,0
104386,-.0547218,.0063614,0
104390,-.2591828,-.3074477,0
104394,-.250647,-.4007561,0
104402,.2329213,-.1149208,0
104404,-.3995727,-.5242114,0
104408,-.1357692,-.2939711,0
104410,.0484094,-.3498574,0
104414,.3300093,-.3232211,0
104422,.5761779,-.3651324,0
104424,.3122259,-.1731029,0
104426,.275261,-.2401368,0
104430,.1973985,-1.045148,0
104432,.2433565,-.1636453,0
104434,.2833848,.0178389,0
104446,.1500039,-.4923054,0
104448,.1844653,-.072321,0
104458,.3674731,-.1542356,0
104460,-.4017222,-.5020992,0
104470,.0175015,-.1971653,0
104472,.241367,-.0408923,0
104474,-.2183099,-.6796387,0
104476,-.1403007,-.491153,0
104486,.3740664,-.0669513,0
104488,.4955099,-.3655471,0
104492,-.0519712,.2021549,0
104494,.1805726,-.0783529,0
104498,1.136289,.8907984,0
104500,.3478568,-1.270802,0
104502,-.2174484,-.2771589,0
104504,-.0029898,-.0465256,0
104506,.4573146,.3930049,0
104512,-.4371276,-.536508,0
104518,-1.744501,-.1778552,0
104520,.385605,.1380187,0
104524,.1203741,-.0023889,0
104528,-.3733892,-.82166,0
104544,.1270648,.3340889,0
104546,.5620851,.2775372,0
104548,-.0792937,-1.035309,0
104554,-.3100292,-.5865062,0
104556,.8752705,.4290992,0
104558,2.193637,-.1505271,0
104576,.1693628,-1.560891,0
104580,.7237797,.6624057,0
104594,.8307811,.5469498,0
104598,-.1840822,-.1820485,0
104604,1.031998,1.175701,0
104612,-.1190956,-.5319263,0
104622,.287334,.0046845,0
104632,-.1905926,-.0477759,0
104634,-.1915616,-.7423815,0
104636,.3330538,.2157086,0
104638,.9155052,-.3248898,0
104640,.0842661,.031953,0
104642,.026495,-.0861403,0
104656,.1181454,-.1703523,0
104678,-.094072,-.6725838,0
104684,-.0146062,-.6933351,0
104698,.1439176,.167322,0
104702,-.0303114,-.2317642,0
104710,.290514,.0105603,0
104712,.0661258,-.2341668,0
104714,.0181788,-.431279,0
104716,.200569,-.1013995,0
104720,.5004478,.3099322,0
104722,-.6250325,-.6205609,0
104728,-.658138,-.7808095,0
104730,-.0469778,-.3148967,0
104732,-.0106984,.0016679,0
104738,.1319976,-.4762003,0
104740,.042359,-.2626665,0
104746,.4178771,.3706994,0
104748,.3684617,.1553889,0
104752,.0830211,.0729596,0
104768,.2643907,-.300249,0
104772,.3891521,.5535835,0
104774,.5384204,.4555152,0
104792,.5273851,.0681539,0
104794,.3511261,-.0509453,0
104796,-.0965156,-.2879551,0
104802,.7120827,-.5649737,0
104806,.5136014,.6666353,0
104808,-.0865967,-.3565252,0
104812,.3821086,.7214679,0
104818,-.3491898,-.4393482,0
104826,-.1559974,-.3597056,0
104828,.5005892,-.0290138,0
104832,-.6619676,-.5180858,0
104840,.2660231,-.0812747,0
104850,.0698751,.7829909,0
104852,.6760626,-.126286,0
104856,.1437882,-.6313173,0
104858,.1621612,-.1979414,0
104860,.3262512,-.0273794,0
104868,-.3818377,-.4977875,0
104870,-.3009846,-.2936464,0
104874,-.2569866,-.027581,0
104878,-.3396343,-.155784,0
104880,.1901305,-.4380802,0
104886,.180894,-.0317699,0
104888,.0237213,-.0752479,0
104894,.5264775,.1599211,0
104912,.4597447,-1.548913,0
104914,.4375573,-.6573887,0
104920,1.090347,-2.122736,0
104922,.2056353,-.527289,0
104926,.7597453,.0101428,0
104928,-.3287163,-.3847442,0
104930,.1539744,-.8044061,0
104932,.2873157,-1.525338,0
104938,.6232666,.1739938,0
104942,.1803351,.1652864,0
104944,.3574156,.4165471,0
104958,.3400039,.3556289,0
104964,.6737527,.7812912,0
104970,.9845962,.8507245,0
104972,.7098163,.2873943,0
104980,.4469963,-.1777753,0
104990,.8548222,.4435839,0
104992,-.3624963,.1359165,0
104994,.0486481,-1.606064,0
105004,.1748568,.1522983,0
105014,.4848376,.2538673,0
105026,.4469806,.2321624,0
105028,.3277735,-.4896258,0
105032,.2605515,-.2369352,0
105036,.318077,.3313763,0
105038,-.6118058,-1.053656,0
105042,.8381945,.2245877,0
105044,.3494135,-.1815799,0
105048,-.4639787,-.6007692,0
105050,.6816029,-.0702365,0
105068,-.1985371,-.6964716,0
105070,.3654108,-.1710135,0
105074,.3960067,.012592,0
105076,-.0347333,-.5076301,0
105082,.2351077,-.1304035,0
105084,-.159728,-.2875368,0
105088,.007221,-.6505109,0
105090,.6428262,.3144604,0
105092,.080617,.1312427,0
105094,-.1173026,-.2657976,0
105096,-.0166418,-.5867757,0
105104,-.4312387,-.3825796,0
105106,.1039333,.3245738,0
105108,.1268675,-1.308936,0
105112,.1027552,-.422403,0
105114,-.0662893,-.5467492,0
105122,.6788446,.1672987,0
105130,-.0687097,-.629176,0
105132,-.3861107,-1.105477,0
105140,-.175943,-.0968984,0
105148,.6001877,.1696702,0
105160,-.1123992,-.3577902,0
105162,.1082105,-.2433702,0
105168,.3860476,.063908,0
105176,.4934377,.1396858,0
105178,.5541659,.2176612,0
105188,.5095813,-.5927916,0
105194,.5958611,.2547063,0
105198,.4402184,.2021426,0
105200,.5000805,.5042012,0
105202,.074247,.0480123,0
105204,-.4041878,-.1482327,0
105210,.1052343,-.0250525,0
105212,.3918549,.3055043,0
105214,.1782542,.0232376,0
105230,-.522871,-.7500632,0
105240,-1.11963,-.2974656,0
105246,.4407803,.2303419,0
105248,.3982017,.1984212,0
105256,.0754298,-.1483771,0
105258,.2171898,-.1831807,0
105262,-.0841969,-.441595,0
105266,-.0005173,.2288477,0
105268,.0812776,.0237787,0
105272,-.218511,-.1826508,0
105280,.0287755,-.2504033,0
105284,.5108069,.0852515,0
105286,-.5796138,-.7336431,0
105290,.4915285,.1600378,0
105296,.0192581,-.4585575,0
105302,-.0752366,.2387102,0
105308,.5176253,.5805151,0
105310,.0503434,-.3710271,0
105312,.0922072,-.223016,0
105316,.107052,-.0892223,0
105320,.5061409,-.138632,0
105324,-.1267545,-.3404584,0
105330,.3869501,-.2459969,0
105332,.1626151,-.1950212,0
105336,.6314141,-.1454315,0
105340,.2961842,.1523267,0
105342,.279773,.48754,0
105346,.1415731,-.2590208,0
105348,.2323083,-.1113783,0
105356,.0705479,-2.405332,0
105360,.1841513,-.4629596,0
105368,.0884177,.3628448,0
105370,-.3642609,-.3309411,0
105372,.1256716,.3855997,0
105374,-.3887758,-.6546612,0
105376,.5265704,-.0503867,0
105378,.0311947,-.1022685,0
105380,.3193816,.1990633,0
105384,.448389,.32475,0
105388,.3513898,-.0028535,0
105390,-.6475841,-.3843096,0
105392,.1729733,.1306181,0
105396,-.2206281,-.191147,0
105398,.4881065,-.3100452,0
105400,-.0754997,.0898223,0
105402,.3013953,-.0532089,0
105404,-.1871805,-.5578457,0
105406,.0364993,.089288,0
105412,-.703707,-1.28131,0
105416,-.1426867,-.2868238,0
105418,.2918518,-.5054055,0
105424,-.4857059,-.2956538,0
105426,-.1302826,-.5542547,0
105434,.1700105,-.1095916,0
105440,-.0489862,.1364222,0
105448,-.4667765,-.7592309,0
105452,-.0970154,-.1006049,0
105458,-.4948275,-.9089683,0
105460,.0578048,-.5529126,0
105462,.1973336,.0275535,0
105466,.0029588,-.2089951,0
105468,-.0022991,.0996518,0
105472,-.0985268,-.4014808,0
105474,.4322604,.2368948,0
105476,-.3903346,-.3504209,0
105484,.6652712,.1308428,0
105486,.368074,.2080837,0
105488,-.0091238,-.357419,0
105492,-.3676229,-.2965937,0
105498,-.2165955,.0493247,0
105500,-.1040414,-.2008036,0
105508,-.404879,-.5206577,0
105510,1.043356,.9057356,0
105520,-.381434,-.3829254,0
105522,-.0965568,-.1093646,0
105526,-.0964289,-.4114005,0
105530,.2133113,.4908339,0
105532,-.0669494,-.0984632,0
105536,.5716496,.2457974,0
105538,-.0625661,-.4240827,0
105550,-.2867148,.0355534,0
105552,.0578566,-.3125178,0
105566,.0430834,-.0555548,0
105570,-.2883811,-.3987803,0
105572,.9090065,.4446992,0
105574,-.1840905,-.069779,0
105582,.1022066,-.2530445,0
105590,.0519017,.2091401,0
105594,.2922295,.1318194,0
105602,-.2636353,-.5083518,0
105610,.7250784,-.299561,0
105624,.540577,.4087075,0
105636,-.1922858,.2576771,0
105640,.2681765,.8194476,0
105648,-.1784516,-.9832053,0
105650,.0128906,-.2289645,0
105652,-.1509214,-.2257597,0
105654,-.0184517,-.0102402,0
105656,.0348556,-.1541225,0
105660,.009705,.2415231,0
105662,-.1522951,-.0108469,0
105664,-.4249714,-.0950899,0
105674,-.2678593,-.1079285,0
105676,-.2415602,.0104156,0
105682,-.7522741,-.5986706,0
105686,-.3758505,-.3060518,0
105688,-.7167845,-.8902385,0
105690,-.0271327,.0855478,0
105692,-.6697927,-.8143488,0
105694,-.1690086,.017789,0
105696,-.4238266,-.8391328,0
105698,-.300925,-.2031982,0
105700,.6504961,.0892607,0
105704,-.0584081,-.6612447,0
105706,.3021672,-.1356123,0
105708,-.5443723,-.504895,0
105710,-.0970935,-.4651434,0
105712,-.6637081,-1.86161,0
105714,-.2226533,-.2485381,0
105720,.1295353,.1261108,0
105724,-.3848113,-.1919036,0
105730,.2070274,-.0596762,0
105732,.0659279,-.0692881,0
105734,-.0881065,.2337879,0
105738,-.0750458,-.1186481,0
105742,-.2657904,-.4394992,0
105744,.1048314,.3738855,0
105746,-.480285,-.803476,0
105758,.1736893,-2.529374,0
105760,-.5541313,-.3067238,0
105772,-.5124207,-.5509045,0
105778,.2709311,.1205478,0
105780,-.2935763,-1.076901,0
105782,-.201936,.1004904,0
105784,-.3125888,-.0285949,0
105794,.6414791,.2791745,0
105802,.063554,-.0117441,0
105804,.4923235,.8741387,0
105806,.0709989,.2155676,0
105816,-.2971681,-.0395512,0
105824,-.5123307,-.2075211,0
105828,-.1525274,-.1358006,0
105830,-.2680304,.1281375,0
105834,-.4534791,-.4352899,0
105838,-.2881693,-.3081693,0
105846,.2829681,.0133838,0
105854,-.9460615,-1.414883,0
105860,-.6499109,-.6106936,0
105862,-.9516959,-.5081151,0
105864,-.3330124,-.3928684,0
105868,-.7431039,-1.001459,0
105872,-.0153904,.2287391,0
105874,-.3425744,-.0245178,0
105876,-.0889179,-.346903,0
105880,-.2903911,-.4316417,0
105884,-.3583347,-.6766928,0
105898,-.3144042,.2481081,0
105906,-.2634872,.7663525,0
105914,-.7610756,-.3073293,0
105918,-.3991636,.1046209,0
105924,-.5574873,-.0680087,0
105926,-.1700958,-.0120251,0
105928,-.2964179,.0886621,0
105930,-.7669377,-.0073211,0
105934,-.1287213,.341381,0
105936,-.5956062,.1106336,0
105938,-.4607314,-.271165,0
105940,-.3846008,-.1977866,0
105948,-.3929113,.0623867,0
105950,-.8707094,-.3306272,0
105956,-.4986221,-.5434684,0
105968,1.270324,-.5805434,0
105980,-.142437,.0306568,0
105982,1.428378,-.4140113,0
105998,-.2575385,-.3771521,0
106010,-.2634445,-.0145519,0
106024,-.1866549,-.4120775,0
106036,-.2405411,.0641908,0
106052,.1963499,.4463395,0
106056,-.450074,-.0421604,0
106060,-.422054,-.1952996,0
106066,-.3088191,.6251881,0
106068,-.2589616,-.5995114,0
106070,.3671152,.9439506,0
106072,.0906738,.6073537,0
106076,-.3427838,-.2927744,0
106078,-.2514856,.3203198,0
106084,1.074585,.8396924,0
106086,-.6231863,-.0192528,0
106108,-.2433307,-.5045937,0
106110,.2122827,-.2901249,0
106118,-.3015642,-.0260454,0
106122,-.318309,-.380178,0
106124,-.4766884,-.6065012,0
106134,-.2949397,-.3535789,0
106140,.4118886,.1295161,0
106142,.1226379,.0407605,0
106158,-.4446952,-.215858,0
106168,-.083942,-.8823095,0
106180,-.395865,-.1378244,0
106182,-.3835655,.3016568,0
106186,-.5079625,-.3714308,0
106190,-.7151858,-.1690668,0
106196,-.1574088,-.4619781,0
106200,-.8361829,-.1687427,0
106202,-.7719768,-1.210606,0
106206,-.6317847,-.4648758,0
106208,-.3289059,.20701,0
106212,-.6746138,-.6875051,0
106214,.1556503,.2477913,0
106222,-.1809289,-.3611259,0
106224,-.2074895,-.2298132,0
106226,.0047845,.6092025,0
106232,-.4910178,-.8674448,0
106246,-.4985467,.035835,0
106248,-.3323295,-.0169679,0
106254,-1.017052,-.4369597,0
106264,-1.05292,-1.071016,0
106266,-.8695587,-1.148756,0
106268,-.2633816,-.42357,0
106272,-.7090546,-.3569729,0
106284,-.4006391,-.0155894,0
106306,.4824894,-.5696837,0
106310,-.1921901,-.4643388,0
106312,.018336,.0501288,0
106314,-.060923,.690841,0
106318,-.1518712,.5548216,0
106322,-.2493726,.1055114,0
106328,-.1717063,.5384102,0
106342,-.1640867,.381485,0
106348,-.1296905,.694502,0
106356,.2658873,1.150994,0
106360,.3567409,.6545802,0
106366,.4844476,-.4509014,0
106372,.7077483,-.4471268,0
106378,-.6324168,.5212778,0
106380,.6625744,-.5973046,0
106388,.9790186,-.585107,0
106392,-.443556,.007564,0
106400,-.5741211,-.1131101,0
106402,-.0270069,.0907073,0
106404,-.4598317,-.2784875,0
106410,-.4500479,.2100281,0
106412,-.8199994,-.3051167,0
106414,-.1363605,.2236037,0
106418,-.2495443,-.2505758,0
106422,-.1405033,.3853316,0
106424,-.7250514,-.0328726,0
106426,-.6619684,-.0716129,0
106430,-.2830477,.0777439,0
106432,-.563386,-1.228182,0
106438,-.4252128,-.8583598,0
106442,-.726747,-1.235347,0
106444,-.1473411,-.5218717,0
106446,-.6377472,-.1089647,0
106448,.5362789,.1094243,0
106450,-.8030285,-.4531258,0
106452,-.0498993,-.4399278,0
106456,-.382881,-.3619469,0
106462,-.0732697,.279099,0
106464,.8059542,-.3936717,0
106474,.6523145,-1.017775,0
106480,.4479477,.773316,0
106482,.4481647,.4658287,0
106484,-.13755,-.1272056,0
106486,-.1399692,.1747555,0
106490,-.1997647,-.0978626,0
106492,-.338598,.3373401,0
106494,.1184777,-.2590773,0
106498,-.1990749,-.3554601,0
106508,.3987523,1.184315,0
106514,-.0331693,.2238682,0
106516,-.5361145,-.8801172,0
106518,-.4055649,.3754715,0
106522,.1156731,.688574,0
106530,-.4273233,.2521896,0
106536,-.572797,.016193,0
106538,-.0924131,.1748106,0
106544,-.2866265,.2567355,0
106550,-.1640065,.4037029,0
106554,.2946796,.6855139,0
106562,-.7511065,-1.684212,0
106564,-.8085997,-.1855966,0
106572,-.1046423,-.3821237,0
106574,.0562611,-.0770303,0
106584,.0550359,.1451065,0
106586,.0976297,.3233585,0
106588,.4889895,.5271041,0
106596,-.3676411,.3180893,0
106598,.0075753,-.2914393,0
106602,-.305568,-.9838337,0
106606,-.1867672,.0754628,0
106608,-.2657069,.2274211,0
106610,-.4540127,-.1441591,0
106612,-.3848987,-.0918362,0
106614,-.5608055,-.657078,0
106616,-.1348201,.4599585,0
106618,-.1017776,.3536251,0
106620,-.496762,-.798629,0
106622,-.6825146,.1549323,0
106628,-.1546643,.3028824,0
106646,-.1743542,.4969063,0
106658,-.7116915,-.262423,0
106662,.1876143,.5486199,0
106668,-.2220239,.4683292,0
106670,-1.019688,-.8389234,0
106674,-.3644536,-.4693772,0
106676,-.2032638,.3182805,0
106680,-.4444372,-.5419849,0
106700,-.3177829,-.1799685,0
106704,-.4526271,-.2465635,0
106710,-.6646608,.1071341,0
106714,-.2438842,.2258765,0
106720,-.4133789,.2086576,0
106722,-.6075414,-.5365666,0
106724,-.3029245,-.0729215,0
106728,-.0592098,.0076926,0
106730,-.2875434,-.241308,0
106744,-.2638756,-.7855819,0
106752,-.220914,-.2241703,0
106760,-.4343099,.282608,0
106762,-.4036376,-.0476201,0
106772,-.2263086,.1024144,0
106776,-.1539142,-.3963403,0
106780,-.5872177,-.6588151,0
106784,-.2639394,-.8503351,0
106788,-.288582,-.7026607,0
106790,-.1271854,-.0368173,0
106792,-.2807052,-.6517236,0
106796,-.2425666,.101577,0
106802,.1135879,.1300315,0
106812,-.0015477,-.4616018,0
106814,-.5582907,-.8944377,0
106818,-.4196751,-1.16588,0
106822,-.5703917,-.669362,0
106826,-.5271887,-.7497047,0
106828,-.5933234,-.7519737,0
106832,-.6568163,-.7923293,0
106834,.2231265,.3105385,0
106836,-.5966193,-1.3204,0
106840,-.865079,-.5928547,0
106846,-.7539387,-1.426906,0
106848,-.6705214,-1.27161,0
106856,-.4901628,-.8831242,0
106858,-.8307011,-1.102179,0
106862,-.1130207,-.2963965,0
106870,-.0586979,-.3518185,0
106872,.1400649,.463517,0
106874,-.064869,.1345196,0
106878,.1079601,-.6568773,0
106882,-.2116865,-.4312689,0
106884,-1.059668,-.8082243,0
106886,-.3897379,.0021912,0
106888,-.8616382,-.3303721,0
106890,-.3298145,-.6908779,0
106892,.7862266,.6218152,0
106900,-.7125961,-.2552185,0
106904,-.8426697,-.9529767,0
106906,-.5128622,-.3177168,0
106910,-.3137046,-.3612992,0
106912,-.3942116,-.496614,0
106916,-.5141873,-.7163258,0
106920,-.0868557,.2682133,0
106924,-.0351007,.1329749,0
106932,-.1266493,-.0771604,0
106938,-.4724499,-.0718684,0
106940,-.0315963,.3139041,0
106944,-.6532972,-1.091328,0
106946,-.6160118,-.2075186,0
106950,-.089955,-.1758791,0
106954,-.1221037,-.147304,0
106958,.1894611,.1284635,0
106962,-.6527307,-.7311289,0
106964,-.4577309,-1.014235,0
106980,-.3277305,-.4037435,0
106982,-.1285253,-.3597624,0
106984,-.5145983,-.130963,0
106990,-.0286708,-.3679202,0
106996,-.3999666,.1981792,0
107002,-.5282878,-.4854044,0
107014,-.3463379,-.5123041,0
107016,-.907792,-.8417871,0
107018,-.5802407,-.4024072,0
107020,-.0352312,.1206563,0
107022,.5215106,.3685212,0
107030,-1.105838,-3.360635,0
107036,-.1495686,.1076227,0
107038,-.8455595,-1.084961,0
107040,-.2372669,-.1483283,0
107044,-.6868965,-.824047,0
107046,-.735918,-.4992407,0
107056,-.4124254,-.0895505,0
107058,-.4009921,-.2884079,0
107064,.4745303,-.583478,0
107066,-.7079127,-1.027518,0
107078,.9509875,-.620103,0
107082,.3112291,-.5841761,0
107086,-.6175849,-.8845779,0
107092,-.7786161,-.7274986,0
107096,-.6137037,-.5941049,0
107098,-.6342497,-.3696891,0
107102,-.6404786,.4397031,0
107110,-.3951255,-.1852556,0
107124,.6032602,-.4409338,0
107136,-.5001663,-.4375171,0
107154,-1.388653,-1.234331,0
107158,-.4890998,.1874372,0
107164,-.3536966,-.0718037,0
107186,.0669122,-.6034388,0
107188,-.3165083,-.1552138,0
107190,.3482665,-.5940402,0
107192,-.1583771,-.3794645,0
107198,-1.411596,-2.005064,0
107200,-.5853372,-.1568661,0
107202,-.6132466,-.097168,0
107204,-.1807159,.2550279,0
107206,-.4907748,-.4366381,0
107210,-.53353,.1025153,0
107214,-.9116698,-.8659223,0
107228,-.9669156,-.2416815,0
107230,-.6996682,-.0284081,0
107232,-.823285,.4909094,0
107234,-.657491,.2422517,0
107238,-.6400175,.2043608,0
107244,-.3123304,.6897661,0
107248,-.680348,-.826775,0
107254,-.5228723,-.196647,0
107256,-.268501,-.0442551,0
107258,-.8394316,-.7147895,0
107264,-.4841472,-.1789469,0
107272,-.6050915,-1.069376,0
107278,-.6501606,-.3657021,0
107282,-.6278332,-.3872824,0
107284,-1.00596,-.5263985,0
107286,-.5729767,-.449684,0
107288,-.1441224,.3183607,0
107292,-1.007587,-.5613497,0
107294,-.1163593,.3080118,0
107298,-.8472103,-.4097476,0
107302,-.3973526,-.0372861,0
107304,-.0791945,.0942033,0
107306,-.8738159,-.5352741,0
107308,-.4036542,-.4241775,0
107310,-.4447811,-.0600352,0
107312,-.5969068,.1248833,0
107314,-.5054091,-.0148826,0
107316,-.7965535,-.0528842,0
107318,.1312373,.8252386,0
107324,-.5958729,-.8244553,0
107326,-.6972538,-.6861292,0
107328,-.6363533,-1.209794,0
107330,-1.011459,.1537797,0
107332,-.0565287,-.3055453,0
107334,-.6928138,-.089065,0
107336,-.7057134,.1520057,0
107338,-.2348109,.3313185,0
107340,-.8741989,-.2526439,0
107342,-.9340761,.2563412,0
107344,-.3690738,-1.152677,0
107348,-.6545963,-.0728291,0
107350,-.280656,-.4644877,0
107356,-.1876315,.0634332,0
107360,-.4709424,-.2330133,0
107364,-.6947303,-.1647347,0
107368,-.7193381,.0211219,0
107370,-.895479,-1.028306,0
107372,-.786686,-.401704,0
107374,-.4331827,-.1352418,0
107376,.2534953,.3811598,0
107378,-.4839117,-.1124318,0
107380,-.1170094,-.2045413,0
107382,-.7506438,-.200296,0
107384,-.2286746,.1503627,0
107386,-.4992803,-.2635799,0
107388,-.9693279,-.37147,0
107390,-.6304722,-.7723461,0
107392,-.787872,-.9942789,0
107394,-.8021142,-.2572926,0
107396,-.2192025,-.6936656,0
107398,-.2880715,-1.024642,0
107400,-.7727745,-.4649916,0
107402,.1454359,.5617241,0
107406,-.7148373,-1.163526,0
107410,-.6453936,-.3255292,0
107416,-1.274379,-1.469696,0
107418,-.6656734,.3985968,0
107420,-.6063199,.3170683,0
107422,-.4000623,-.5598329,0
107432,-.3994339,-.3645826,0
107434,-.0445028,-.4217352,0
107436,-.608919,.7596911,0
107438,-.7381223,-.5619367,0
107442,-1.011056,.022024,0
107444,-.1700613,1.087657,0
107446,-.2366329,.2324107,0
107448,-.6591463,-.1050647,0
107454,-1.038611,-.2079468,0
107460,-.3944538,.7387341,0
107462,-.8152247,.3386648,0
107464,-.862666,-.4336209,0
107468,-1.027176,-.2231772,0
107470,-.8701987,-.1202784,0
107472,-.5180952,.3702039,0
107474,-.4289749,-.5332911,0
107476,-.2551665,-.7940031,0
107480,.0934943,-.0925766,0
107482,-.5787005,.0967993,0
107484,-.3415579,-.4526117,0
107488,-.6170428,.2871851,0
107490,-.1091481,1.19518,0
107492,-.4948053,.5413619,0
107494,-.2775647,.2926764,0
107496,-.8937209,-.6463953,0
107498,-.4913611,1.050439,0
107500,-.6059915,-.5557374,0
107502,-.3649678,-.4056065,0
107510,-.6022793,-.1250879,0
107512,-.7398872,.0298685,0
107514,-.5511175,-.0804384,0
107516,-.857933,-.4906628,0
107518,-.1495271,1.010776,0
107520,-.3294008,1.352263,0
107522,-.5397451,-.2723762,0
107532,-.3998341,.0408036,0
107534,-.9583552,.3407291,0
107536,-.7300595,.1699169,0
107538,-.1685107,-1.147595,0
107540,-.5209439,-.6930393,0
107546,-.1794506,1.022193,0
107548,-.6026765,.2533645,0
107550,-.6416979,-.0047538,0
107552,-.5694647,-.0778864,0
107554,-.6552753,.0382323,0
107556,-.3085924,-.9285955,0
107558,-.2137329,-.264026,0
107564,-.4911506,-.0312716,0
107670,.1509761,-.2600369,0
107848,-.2073979,-.3223743,0
107878,-.2423005,-1.695963,0
108534,-.2959732,.2284669,0
108652,-.3425767,-.3202111,0
108846,-.5905192,.7647521,0
109106,-.9176368,-.9571323,0
110108,-.9771003,.5315107,0
110456,-3.306536,.8612995,0
111042,-1.956968,-2.35474,0
113532,-.5275117,-.6035482,0
114392,.265882,-1.043869,0
114662,1.05221,-.540466,0
115300,-.5045229,-.3170402,0
115452,.3518541,.5166857,0
115454,-.7841805,-1.038055,0
115466,-1.058966,-1.940659,0
117064,-.9870825,-1.05541,0
117616,.0977905,-.9456714,0
118346,-.8434725,-.9569399,0
118996,.3292226,-1.192389,0
119144,.5445197,-.9266829,0
119172,-1.358044,-2.224882,0
119356,-.5220667,-.6209692,0
119436,-.1349,-3.532262,0
119544,-.2143425,-.9750842,0
119558,-.9654059,-1.042128,0
119808,-1.055223,-1.06388,0
119876,-1.966857,-1.750033,0
120486,-.9894128,-1.048613,0
120594,-1.757264,-1.583818,0
120790,.6969025,-.2494261,0
120808,-1.64426,-2.180884,0
121312,.2203789,-.9165444,0
121458,-1.00069,-3.292974,0
121678,.4797471,-1.545242,0
122136,.7393069,.8455462,0
122180,-.847679,-3.432215,0
122190,.8273128,.7637672,0
122316,.946771,-.4713018,0
122888,-.0014678,-1.039287,0
122908,-1.119477,-.246201,0
123106,-.317364,-.3378178,0
123142,-.4085475,-.367726,0
123382,-3.449749,-3.419426,0
123396,-.9782951,-1.059258,0
123934,.8345013,-.142194,0
124340,.5309152,-.9208959,0
124366,.4429501,.1067015,0
124530,1.176364,-.0174266,0
124546,-.3496801,-.4445111,0
124578,-.9799311,-1.046444,0
124586,-1.601578,-2.271805,0
124602,.4761443,-1.203243,0
124606,1.777416,.9874541,0
124836,1.502749,-.2653227,0
124862,.3809415,-1.772605,0
125062,-1.730018,-2.606652,0
125066,-1.389051,-2.300617,0
125074,.4227898,-.9379005,0
125078,-.4618187,.4312792,0
125096,-1.570524,-2.026803,0
125516,-.5538182,-.4396287,0
126144,1.170186,-1.048349,0
126198,.5274549,-.5005265,0
126280,.1192986,-1.845254,0
126282,.593729,-1.702312,0
126322,-1.009379,-1.928467,0
126338,1.15122,-1.690981,0
126620,-2.974782,-3.010606,0
127364,.2184128,-.9880685,0
127518,-.5315413,-.8645645,0
127866,.0776837,-.3147709,0
128220,-.3151161,-.4176635,0
128222,.3431906,.0633767,0
128402,.7585473,-.1498329,0
128564,1.818911,-1.960913,0
128660,-2.351381,-2.824793,0
128684,-.5916398,-1.035252,0
128748,.7257708,-.5881529,0
128942,-.4678606,-.9072459,0
129012,-.5145388,.3351746,0
129206,-.5612545,-.4565049,0
129488,-.8991373,-.2525952,0
129558,.8486749,-.9281296,0
129564,.3265587,-.9648818,0
129624,.6216971,.0066353,0
129630,1.72162,-.4888058,0
129652,-.1155149,-.179683,0
129664,-.2754995,.9953213,0
130070,-1.36446,-1.401217,0
130094,1.082463,-1.934343,0
130264,-.616703,-.1168944,0
130422,.3608077,-.1989694,0
130854,-.0771334,-3.125059,0
130858,.8302241,-1.352544,0
130864,.3204461,.031763,0
130874,-.3102065,.0166392,0
130878,-.5567968,-.6254395,0
130882,-.4846104,-1.131047,0
130884,-.0014758,-.2019259,0
130888,-.2388838,-.342438,0
130902,-.5409335,-.9190509,0
130910,.5463367,-.0111908,0
130914,-.7048792,-2.72202,0
130918,.2266323,-.0060904,0
130920,1.289062,-1.278733,0
130974,-1.792049,-1.872629,0
130976,1.881706,-.5230327,0
130980,-2.112543,-2.098431,0
130990,.6810718,.363391,0
130996,1.847871,-.6017065,0
131002,.1506684,.0848017,0
131008,.9939265,.9158418,0
131020,.1108631,.2380033,0
131022,-.0742972,-.1143445,0
131028,1.764958,-2.14411,0
131100,.1869732,-.4987092,0
131108,-1.12325,-1.123621,0
131146,.8606578,.0139346,0
131174,.612165,.1376493,0
131182,1.123445,-.6145051,0
131236,.0792487,-2.098408,0
131304,.6978285,-.0291826,0
131312,-2.019896,-2.478383,0
131314,-.3239341,-.5126243,0
131322,-.6359141,-1.287657,0
131324,.2412506,-.2952557,0
131326,.0404505,-2.206838,0
131340,-1.858758,-2.992109,0
131346,-.2721019,-.5956807,0
131350,-.0375904,-.6099911,0
131352,.5388743,.1793656,0
131400,.1620396,-1.906869,0
131408,-.2140794,-.0562679,0
131424,.6842342,-.6227016,0
131426,.6335309,-1.385797,0
131434,.1498003,-1.668313,0
131438,.5246673,-.3537802,0
131456,.0068173,-.1439299,0
131466,1.502507,.4326381,0
131610,1.166934,.7932934,0
131620,-1.629778,-3.414681,0
131622,-1.868189,-3.132357,0
131624,.468016,.0098279,0
131628,.2534761,.0090603,0
131632,-.5159153,-1.115758,0
131652,.5360823,-.1357932,0
131680,-.0215953,-.6149082,0
131708,.3903224,.1395946,0
131722,.6310251,-.2300365,0
131770,.2626019,-.1166584,0
131772,1.948606,-.3441843,0
131786,1.246927,-2.093716,0
131788,.4551082,-.7270574,0
131804,.9678493,-.3035617,0
131806,.0264257,-.2589906,0
131894,-.4404324,-.5507348,0
131908,.1059199,-3.404883,0
131912,-1.124246,-1.123921,0
131924,.2103653,-.5557275,0
131962,.974688,-1.672923,0
131976,.0655179,-.8476924,0
131996,-.2423106,-1.905255,0
131998,1.750313,.9012467,0
132140,-.0539177,-.4313438,0
132152,.1486357,-.5215204,0
132154,-.1577989,-.2016726,0
132156,-.1157139,-.5924346,0
132158,-.0900706,-.5370317,0
132160,-.3556128,-.2248367,0
132164,-.4876768,-.8520445,0
132170,-.7046508,-1.340928,0
132176,-.3733791,-1.098264,0
132178,-.3758817,-.8444166,0
132180,-1.746631,-2.204751,0
132184,-.8529172,-2.122381,0
132186,-.5164803,-2.436917,0
132188,.5152446,-.0640076,0
132220,.1115117,-1.02566,0
132226,-.1694448,-.0169633,0
132228,.7717874,-.815888,0
132234,.0734385,.0313716,0
132236,-1.06212,-2.094156,0
132252,-.6767749,-.6813264,0
132254,-.101269,-.2062402,0
132286,1.574974,1.270196,0
132302,.1394943,-.2770472,0
132310,-1.973489,-2.777971,0
132316,.3815613,.113523,0
132328,.9141249,.0811199,0
132330,.2674207,-.2293963,0
132332,-1.073337,-1.275463,0
132338,-2.362385,-2.915371,0
132346,-1.931908,-2.670564,0
132348,.3741255,-.251904,0
132350,-.0220587,-.3927398,0
132402,.4197328,1.220347,0
132420,.9131866,-.6133029,0
132432,.6332989,-1.548397,0
132438,1.609392,-.5889078,0
132466,-.4962209,.0967364,0
132468,.5303647,-.0384332,0
132472,-1.645687,-1.944709,0
132474,-.4921423,-2.718283,0
132480,-.3426915,-.6428752,0
132486,.1722708,-.6484819,0
132488,-.1745505,-.3758607,0
132492,.3223873,-.2633538,0
132504,-.2826313,-.5342277,0
132514,-1.929386,-2.493683,0
132516,-1.474371,-.9980819,0
132520,.0883999,.1292012,0
132522,.3299524,-.0894788,0
132526,.6048847,-.5263845,0
132532,.3916982,-.1801933,0
132538,-.010761,-.4748535,0
132558,.8010486,-1.799863,0
132562,-.0420615,-.5750949,0
132566,-.1683187,-1.064619,0
132574,1.255426,-.5688639,0
132578,-1.935733,-2.11058,0
132580,-1.47519,-1.573542,0
132700,.804635,.110975,0
132702,.3116169,-.7129306,0
132710,1.268806,.6906179,0
132714,-.1230537,-.8467309,0
132718,-.0305959,-.7058921,0
132724,.3587985,-.1624731,0
132726,.1206433,-.104142,0
132732,-.3011501,-.3755102,0
132734,-1.122129,-1.123892,0
132750,-.2820275,-.1979516,0
132752,.3078326,-.0319396,0
132756,.4874772,-.0509761,0
132758,.2894205,-.102473,0
132760,.1171774,-.9606495,0
132766,.7629228,-.0704815,0
132770,.761134,.4031177,0
132782,.4537405,-.3045712,0
132784,.2530877,.0510458,0
132786,.6673675,-.0278532,0
132790,-.3243695,-2.634583,0
132792,-.032745,-2.308412,0
132798,.7743515,.1063703,0
132806,.5198634,.2735137,0
132808,.1849526,-.2526248,0
132812,.0087646,-.2951658,0
132820,-.0138549,-.3344283,0
132830,.3530544,.0272594,0
132832,1.215181,1.19836,0
132864,-.298656,-.8447906,0
132884,.7638407,-.207069,0
132892,.3496883,.0190615,0
132894,.5642028,.5109981,0
132900,-.1394349,.1946767,0
132904,.5787886,.3788054,0
132906,.4512375,.1041225,0
132916,.3187309,.6197596,0
132918,.178388,-.5343077,0
132922,.4842369,-.426073,0
133078,-1.53392,-2.201164,0
133082,.5141542,.161371,0
133084,-.1304998,-.8104187,0
133092,1.107968,.5074788,0
133102,.6753935,.01755,0
133110,-1.892178,-2.562916,0
133112,.6440783,.107987,0
133116,.6875337,.3406658,0
133122,-1.34162,-1.421953,0
133124,.7505236,-.0415171,0
133134,.097755,.1336194,0
133136,1.32806,.6916165,0
133140,-1.536322,-1.972253,0
133280,.172254,-1.469269,0
133306,.2955451,-.2062387,0
133334,.061457,-.2272187,0
133338,-.1440102,-.7642649,0
133374,-.0568454,-1.920588,0
133402,-.1187615,-.2406474,0
133422,.7104625,1.949984,0
133478,-.2746134,-.7320703,0
133486,.7595036,.1407705,0
133494,-.1105574,-2.866843,0
133498,-.0900088,-.55088,0
133502,.1124279,-2.117075,0
133508,1.074429,.9952087,0
133596,.2029157,-1.626794,0
133606,-.3935039,-.6708529,0
133612,.6400864,.2641066,0
133618,-2.26544,-2.872709,0
133626,-1.655636,-2.082026,0
133628,1.069795,.5031157,0
133630,.306027,-.6875159,0
133642,.5674893,-.0596092,0
133644,.0813375,-.6586933,0
133648,.1364939,-.1312434,0
133650,-.3658459,-1.113721,0
133652,.1978719,-.4564693,0
133662,.1613518,-.3451777,0
133668,-.1324892,-.6361319,0
133674,.0049574,-3.132044,0
133676,-.295248,-.6620245,0
133680,.2123553,-.430884,0
133682,.5130066,-.5985588,0
133688,-.929691,.313936,0
133690,.4100829,-.1406302,0
133872,-.0650485,-.1310433,0
133878,-.6256806,-1.25339,0
133896,-1.666181,-1.709719,0
133916,.442134,-.4186389,0
133918,.315394,.0979169,0
133936,.0670783,-.8505172,0
133942,.2841133,-.0317542,0
133946,-.2987595,-.6126925,0
133954,-.0280027,-.4679658,0
133956,.4763635,-.0417537,0
133966,.7363311,.1470882,0
133972,.2944891,.0868887,0
133986,.1918436,-1.144889,0
134004,.8757464,-1.550756,0
134022,-1.85219,-1.793026,0
134034,.218863,.0925126,0
134040,.5815985,-.1120328,0
134046,.7085292,-1.721501,0
134050,.3488337,-1.914887,0
134058,-.1986836,-1.501061,0
134066,.6215691,.5618458,0
134076,-.0048365,-.569929,0
134086,.1904369,-1.515789,0
134116,.0489137,-.9947417,0
134118,.3348759,.6984845,0
134388,-1.122739,-1.121634,0
134398,.1306033,-.214472,0
134400,-.2150631,-.5622042,0
134410,.1199217,-.3469897,0
134412,.5322536,-.0320168,0
134426,.6439318,-.6884069,0
134440,-.7971377,-.9771034,0
134444,.5187257,.4190412,0
134446,.0097151,-.9829614,0
134468,.7737924,.1042377,0
134486,.6283693,-.5779167,0
134490,.9048905,.1744357,0
134498,.2384033,.1352492,0
134502,-.0606642,-2.616966,0
134512,.6769193,.2074169,0
134522,-.1413136,-1.719367,0
134524,.6279955,.4722595,0
134568,.4810815,.4109974,0
134570,-.0995344,-.2050997,0
134576,1.531912,-.6081382,0
134586,-.911485,-1.324988,0
134674,-.0758641,-.2275137,0
134676,.1462196,.0302545,0
134684,.130759,-.2155079,0
134686,.315831,-.1890028,0
134688,-1.992883,-2.676406,0
134690,.8192321,-.1499013,0
134700,-.1496209,-.6588383,0
134704,-.1052307,-.6664729,0
134712,-.6802866,-2.426409,0
134718,.2126118,-.1592867,0
134724,1.354952,.347503,0
134884,.553333,-.2753474,0
134888,.6082056,-.0434877,0
134930,-.2641015,-.4525244,0
134936,.5515208,-.8367487,0
134950,.5734859,-.0318472,0
134954,-.0278057,-.0997986,0
134958,.1631703,-1.330233,0
134962,.1376806,-1.869048,0
134992,-.125744,-.6211048,0
134996,-.0946924,-.3729827,0
134998,-.1401058,-2.386224,0
135004,.2841975,-2.275569,0
135008,-.1323147,-.7982368,0
135012,.2541381,.0363799,0
135014,.4909106,.0349524,0
135018,.4393468,-1.561477,0
135052,-.1494127,-.4864196,0
135054,1.482925,-1.907833,0
135058,-.4701167,-.5653387,0
135064,2.143365,.2479818,0
135084,-.425059,-.1802004,0
135086,.6251382,-2.006227,0
135090,.3353615,.0401814,0
135114,.4796534,.3184546,0
135116,-.948101,-1.638213,0
135142,.2148582,.0624685,0
135144,1.115398,-.3380612,0
135158,.5914925,-1.859776,0
135160,.0309184,-.4933949,0
135178,-.5865304,-.4087426,0
135180,.4560285,-.1263033,0
135182,.5973098,-.3913967,0
135184,.5436625,-.3269832,0
135188,.4923821,-.0054718,0
135192,-.3843356,-2.651327,0
135196,.3412417,.0902722,0
135300,.1272397,-.1730289,0
135304,.3721882,-2.646141,0
135308,.2835362,-.3508158,0
135312,-.2844744,-.8141207,0
135320,-.3258356,-.7698019,0
135328,.316212,.1397713,0
135330,.3674051,.4127778,0
135340,.1329985,-2.552443,0
135348,.478663,-.1794737,0
135374,-.0613054,-.2131735,0
135380,.107521,-2.471008,0
135384,.0674871,-2.528193,0
135390,.1558955,-1.505416,0
135392,.4281341,-.1373344,0
135496,.0898553,-1.159508,0
135502,.0297308,-2.204015,0
135504,.5718264,-.016517,0
135512,-.2726348,-2.376067,0
135514,.184902,-.0048856,0
135520,.3241767,-.3522907,0
135524,.0749306,-.2201863,0
135530,.5273966,-.2182265,0
135532,.6208075,.2281331,0
135540,.7911083,.1446727,0
135544,-.0134708,-.3897193,0
135546,.1340331,-.2001266,0
135548,-.0384745,-2.313886,0
135550,.3626015,.092888,0
135558,.3396243,.05627,0
135560,.5952722,-.7027919,0
135564,-.6285233,-2.942213,0
135638,-.0496342,-.6818745,0
135642,.3869728,.2546269,0
135646,.1912644,-.9104937,0
135652,.5412405,.1337237,0
135656,-.0321747,-.9910886,0
135660,-.1967426,-.2308885,0
135674,-.0204324,-.3794959,0
135680,-.2023146,-1.963145,0
135684,.8808463,.6434367,0
135692,.11091,-.3535355,0
135696,.6509114,-.1022486,0
135702,.1123964,-1.612594,0
135746,.6033117,-2.018229,0
135754,-.5553535,-.5443158,0
135756,.0610953,-.4830599,0
135810,.6514139,.6138445,0
135816,.4669029,-1.630067,0
135818,.1981503,-1.438227,0
135826,.2710985,.2358677,0
135828,.4529693,-.2481503,0
135836,1.632888,.704504,0
136024,.5137531,-.2350426,0
136026,.4064199,-.1021228,0
136030,-.4968317,-.590387,0
136042,.1675391,-.206333,0
136054,-2.376661,-.1063409,0
136062,-.0086315,-.2116291,0
136064,.5630226,-.177389,0
136068,.7359201,.4558709,0
136496,.4459666,-.1146568,0
136506,.2171016,-.0681991,0
136508,.4633901,-1.871744,0
136526,-.0462708,-2.038065,0
136618,.8785616,-3.425098,0
136626,.2410152,-.0422565,0
136654,-.6746929,-1.129186,0
136668,-.4287563,-.7992927,0
136670,-.1143884,-.6919479,0
136672,-.393675,-.3404481,0
136674,-.4301794,-3.019867,0
136678,-.2176794,-.3005686,0
136684,-.0517372,-.2314602,0
136688,-.3007759,-.8707764,0
137394,.2431886,.2844612,0
137406,.1018548,-.8879752,0
137408,.8644179,-.4098128,0
137412,.7024236,-.6150353,0
137418,1.397762,-.6062741,0
137420,.3048011,-.2254735,0
137424,.9745536,.3907085,0
137426,.5733695,.150698,0
137428,.3879461,.7899969,0
137522,.1079788,-.2618148,0
137526,.1293545,-.1431196,0
137532,.5055621,-1.348324,0
137534,1.136049,-.6145698,0
137546,.5655684,.769109,0
137556,1.145251,.6627779,0
137558,.2405311,-.0137189,0
137568,.2033923,.0487017,0
137892,.5292778,.5148647,0
137894,.8738652,.5729412,0
137904,.2647093,-1.797323,0
137906,.3906622,-.216771,0
137914,.1792503,.1712828,0
137916,1.473182,-1.644282,0
137918,-.0804,-.013751,0
137922,.719403,.2206162,0
137924,.0516878,-.1777346,0
137926,1.06574,-.5915064,0
137928,-.2540512,-1.120906,0
138390,.8503853,.6522947,0
138396,.5312386,-.0981249,0
138400,-.5221909,-.6138828,0
138402,.0003618,-.8903136,0
138410,.6994085,1.605275,0
138414,-.0754463,-1.007412,0
138418,.3413926,.0287721,0
138424,-.0690083,-.0135336,0
138426,-.0539926,.008024,0
138430,.657553,.8201668,0
138444,.5514076,-1.446465,0
138446,.0024949,.1745387,0
138460,.1629868,-.8558118,0
138466,.62644,-.1023815,0
138470,.4681023,-.85053,0
138476,.3599262,-.5826364,0
138482,-.0715964,-.1702327,0
138718,.5485886,.7736025,0
141814,.3123173,.1931039,0
141818,.1084375,-.048227,0
